,Unnamed: 0,Tweets,Source,Likes,RTs,step1,tokens,final_tokens,step2
0,0.0,"Sejauh mana kamu mencari, ga harus ada jawabannya sekarang. Sabar, mungkin akan ada saat kamu sudah siap.",Twitter for iPhone,9473.0,3740.0,sejauh mana kamu mencari ga harus ada jawabannya sekarang sabar mungkin akan ada saat kamu sudah siap,"['sejauh', 'mana', 'kamu', 'mencari', 'ga', 'harus', 'ada', 'jawabannya', 'sekarang', 'sabar', 'mungkin', 'akan', 'ada', 'saat', 'kamu', 'sudah', 'siap']","['sejauh', 'mana', 'kamu', 'mencari', 'ga', 'harus', 'ada', 'jawabannya', 'sekarang', 'sabar', 'mungkin', 'akan', 'ada', 'saat', 'kamu', 'sudah', 'siap']",sejauh mana kamu mencari ga harus ada jawabannya sekarang sabar mungkin akan ada saat kamu sudah siap
1,1.0,Jadwalku bulan ini untuk bertemu kamu â˜ºï¸ https://t.co/Srxh3y42UU,Twitter for iPhone,597.0,56.0,jadwalku bulan ini untuk bertemu kamu cosr,"['jadwalku', 'bulan', 'ini', 'untuk', 'bertemu', 'kamu', 'cosr']","['jadwalku', 'bulan', 'ini', 'untuk', 'bertemu', 'kamu', 'cosr']",jadwalku bulan ini untuk bertemu kamu cosr
2,2.0,@iffhzzi @anjwiiink Desember aku ke Medan! Tungguin yaaa ğŸ˜Š,Twitter for iPhone,8.0,2.0,iffhzzi anjwiiink desember aku ke medan tungguin yaaa,"['iffhzzi', 'anjwiiink', 'desember', 'aku', 'ke', 'medan', 'tungguin', 'yaaa']","['iffhzzi', 'anjwiiink', 'desember', 'aku', 'ke', 'medan', 'tungguin', 'yaaa']",iffhzzi anjwiiink desember aku ke medan tungguin yaaa
3,3.0,@sunshineinevryd Besok aku ke Samarinda,Twitter for iPhone,32.0,0.0,sunshineinevryd besok aku ke samarinda,"['sunshineinevryd', 'besok', 'aku', 'ke', 'samarinda']","['sunshineinevryd', 'besok', 'aku', 'ke', 'samarinda']",sunshineinevryd besok aku ke samarinda
4,4.0,Kenapa udah lanjut lagi ke yang lain? Memangnya yang lalu sudah selesai?,Twitter for iPhone,19783.0,3182.0,kenapa udah lanjut lagi ke yang lain memangnya yang lalu sudah selesai,"['kenapa', 'udah', 'lanjut', 'lagi', 'ke', 'yang', 'lain', 'memangnya', 'yang', 'lalu', 'sudah', 'selesai']","['kenapa', 'udah', 'lanjut', 'lagi', 'ke', 'yang', 'lain', 'memangnya', 'yang', 'lalu', 'sudah', 'selesai']",kenapa udah lanjut lagi ke yang lain memangnya yang lalu sudah selesai
5,5.0,"RT @jowiwi26: Teh @yurayunita, more like yura yunariğŸ˜­ğŸ˜­ ğŸ¥° https://t.co/kyKMCGTyKu",Twitter for iPhone,0.0,5.0,jowiwi teh yurayunita more like yura yunari cokykmcgtyku,"['jowiwi', 'teh', 'yurayunita', 'more', 'like', 'yura', 'yunari', 'cokykmcgtyku']","['jowiwi', 'teh', 'yurayunita', 'more', 'like', 'yura', 'yunari', 'cokykmcgtyku']",jowiwi teh yurayunita more like yura yunari cokykmcgtyku
7,7.0,Alasan termanis apa yang pernah kamu denger? Padahal kamu tau kalau itu bullshit?,Twitter for iPhone,14474.0,1328.0,alasan termanis apa yang pernah kamu denger padahal kamu tau kalau itu bullshit,"['alasan', 'termanis', 'apa', 'yang', 'pernah', 'kamu', 'denger', 'padahal', 'kamu', 'tau', 'kalau', 'itu', 'bullshit']","['alasan', 'termanis', 'apa', 'yang', 'pernah', 'kamu', 'denger', 'padahal', 'kamu', 'tau', 'kalau', 'itu', 'bullshit']",alasan termanis apa yang pernah kamu denger padahal kamu tau kalau itu bullshit
8,8.0,@WalterWisnu @bb_festival takut penontonnya cenat cenut,Twitter for iPhone,5.0,0.0,walterwisnu bb_festival takut penontonnya cenat cenut,"['walterwisnu', 'bb_festival', 'takut', 'penontonnya', 'cenat', 'cenut']","['walterwisnu', 'bb_festival', 'takut', 'penontonnya', 'cenat', 'cenut']",walterwisnu bb_festival takut penontonnya cenat cenut
9,9.0,Haha seru amat deh konsep acara semalam! Next kita cosplay jadi apa lagi ya di atas panggung? ğŸ˜‚,Twitter for iPhone,81.0,3.0,haha seru amat deh konsep acara semalam ne kita cosplay jadi apa lagi ya di atas panggung,"['haha', 'seru', 'amat', 'deh', 'konsep', 'acara', 'semalam', 'ne', 'kita', 'cosplay', 'jadi', 'apa', 'lagi', 'ya', 'di', 'atas', 'panggung']","['haha', 'seru', 'amat', 'deh', 'konsep', 'acara', 'semalam', 'ne', 'kita', 'cosplay', 'jadi', 'apa', 'lagi', 'ya', 'di', 'atas', 'panggung']",haha seru amat deh konsep acara semalam ne kita cosplay jadi apa lagi ya di atas panggung
10,10.0,"No sporty No Party! Begitu menurut konsep acara Pemanasan @bb_festival semalam. Apadaya, jiwa athlete wannabe ku meâ€¦ https://t.co/RrAz5MGuTQ",Twitter Media Studio,322.0,23.0,no sporty no party begitu menurut konsep acara pemanasan bb_festival semalam apadaya jiwa athlete wannabe ku me corrazmgutq,"['no', 'sporty', 'no', 'party', 'begitu', 'menurut', 'konsep', 'acara', 'pemanasan', 'bb_festival', 'semalam', 'apadaya', 'jiwa', 'athlete', 'wannabe', 'ku', 'me', 'corrazmgutq']","['no', 'sporty', 'no', 'party', 'begitu', 'menurut', 'konsep', 'acara', 'pemanasan', 'bb_festival', 'semalam', 'apadaya', 'jiwa', 'athlete', 'wannabe', 'ku', 'me', 'corrazmgutq']",no sporty no party begitu menurut konsep acara pemanasan bb_festival semalam apadaya jiwa athlete wannabe ku me corrazmgutq
11,11.0,Kadang perlu ada jarak agar kita bisa baik-baik saja.,Twitter for iPhone,59536.0,19883.0,kadang perlu ada jarak agar kita bisa baik baik saja,"['kadang', 'perlu', 'ada', 'jarak', 'agar', 'kita', 'bisa', 'baik', 'baik', 'saja']","['kadang', 'perlu', 'ada', 'jarak', 'agar', 'kita', 'bisa', 'baik', 'baik', 'saja']",kadang perlu ada jarak agar kita bisa baik baik saja
12,12.0,mnangis haru https://t.co/owY1ODT9bu,Twitter for iPhone,444.0,32.0,mnangis haru coowyodtbu,"['mnangis', 'haru', 'coowyodtbu']","['mnangis', 'haru', 'coowyodtbu']",mnangis haru coowyodtbu
13,13.0,Yang mau ayookâ€¦ Ngga juga gapapa. Ngga akan pernah maksa ğŸ˜Š,Twitter for iPhone,12644.0,3094.0,yang mau ayook ngga juga gapapa ngga akan pernah maksa,"['yang', 'mau', 'ayook', 'ngga', 'juga', 'gapapa', 'ngga', 'akan', 'pernah', 'maksa']","['yang', 'mau', 'ayook', 'ngga', 'juga', 'gapapa', 'ngga', 'akan', 'pernah', 'maksa']",yang mau ayook ngga juga gapapa ngga akan pernah maksa
14,14.0,@SpotifyID Aku lanjutin ya https://t.co/ApH3qh04S5,Twitter for iPhone,19.0,2.0,spotifyid aku lanjutin ya coaphqhs,"['spotifyid', 'aku', 'lanjutin', 'ya', 'coaphqhs']","['spotifyid', 'aku', 'lanjutin', 'ya', 'coaphqhs']",spotifyid aku lanjutin ya coaphqhs
15,15.0,"Boleh ikut peluk juga gaaaa :,) https://t.co/xYErXkb2sz",Twitter for iPhone,137.0,8.0,boleh ikut peluk juga gaaaa co,"['boleh', 'ikut', 'peluk', 'juga', 'gaaaa', 'co']","['boleh', 'ikut', 'peluk', 'juga', 'gaaaa', 'co']",boleh ikut peluk juga gaaaa co
16,16.0,Khilaf aku :â€™) jam segini makan martabak telor &amp; tipker ğŸ¤¤ Kok niqmat banget yaaaa,Twitter for iPhone,644.0,9.0,khilaf aku jam segini makan martabak telor amp tipker kok niqmat banget yaaaa,"['khilaf', 'aku', 'jam', 'segini', 'makan', 'martabak', 'telor', 'amp', 'tipker', 'kok', 'niqmat', 'banget', 'yaaaa']","['khilaf', 'aku', 'jam', 'segini', 'makan', 'martabak', 'telor', 'amp', 'tipker', 'kok', 'niqmat', 'banget', 'yaaaa']",khilaf aku jam segini makan martabak telor amp tipker kok niqmat banget yaaaa
17,17.0,RT @HipHipYURA: Jadwal teteh @yurayunita terupdate . Ada yang mau nonton bareng nggak hiphip ? https://t.co/baaEfvz5zN,Twitter Web App,0.0,5.0,hiphipyura jadwal teteh yurayunita terupdate ada yang mau nonton bareng nggak hiphip cobaaefvzzn,"['hiphipyura', 'jadwal', 'teteh', 'yurayunita', 'terupdate', 'ada', 'yang', 'mau', 'nonton', 'bareng', 'nggak', 'hiphip', 'cobaaefvzzn']","['hiphipyura', 'jadwal', 'teteh', 'yurayunita', 'terupdate', 'ada', 'yang', 'mau', 'nonton', 'bareng', 'nggak', 'hiphip', 'cobaaefvzzn']",hiphipyura jadwal teteh yurayunita terupdate ada yang mau nonton bareng nggak hiphip cobaaefvzzn
18,18.0,"Rest in Love, Mas @rezagunawan ğŸ¤",Twitter for iPhone,1457.0,140.0,rest in love mas rezagunawan,"['rest', 'in', 'love', 'mas', 'rezagunawan']","['rest', 'in', 'love', 'mas', 'rezagunawan']",rest in love mas rezagunawan
19,19.0,RT @kegentagang: Tiktok Mama Lovy very very comforting. Selalu betah nontonin semua videonya ğŸ¥° they deserve all the love and happiness in tâ€¦,Twitter for iPhone,0.0,5.0,kegentagang tiktok mama lovy very very comforting selalu betah nontonin semua videonya they deserve all the love and happiness in,"['kegentagang', 'tiktok', 'mama', 'lovy', 'very', 'very', 'comforting', 'selalu', 'betah', 'nontonin', 'semua', 'videonya', 'they', 'deserve', 'all', 'the', 'love', 'and', 'happiness', 'in']","['kegentagang', 'tiktok', 'mama', 'lovy', 'very', 'very', 'comforting', 'selalu', 'betah', 'nontonin', 'semua', 'videonya', 'they', 'deserve', 'all', 'the', 'love', 'and', 'happiness', 'in']",kegentagang tiktok mama lovy very very comforting selalu betah nontonin semua videonya they deserve all the love and happiness in
21,21.0,Spotify canvas dunia tipu-tipu yang baru lumayan bikin haru. Cerita tentang Lovy yang hebat dan Mamanya yang kuat deserved all the love ğŸ¤ğŸ¤ğŸ¤,Twitter for iPhone,3629.0,125.0,spotify canvas dunia tipu tipu yang baru lumayan bikin haru cerita tentang lovy yang hebat dan mamanya yang kuat deserved all the love,"['spotify', 'canvas', 'dunia', 'tipu', 'tipu', 'yang', 'baru', 'lumayan', 'bikin', 'haru', 'cerita', 'tentang', 'lovy', 'yang', 'hebat', 'dan', 'mamanya', 'yang', 'kuat', 'deserved', 'all', 'the', 'love']","['spotify', 'canvas', 'dunia', 'tipu', 'tipu', 'yang', 'baru', 'lumayan', 'bikin', 'haru', 'cerita', 'tentang', 'lovy', 'yang', 'hebat', 'dan', 'mamanya', 'yang', 'kuat', 'deserved', 'all', 'the', 'love']",spotify canvas dunia tipu tipu yang baru lumayan bikin haru cerita tentang lovy yang hebat dan mamanya yang kuat deserved all the love
22,22.0,"Besok, manggung di intimate concert. Penontonnya ga banyak, dan semuanya perempuan. Ga sabaaarrr ğŸ’—ğŸ’—ğŸ’—",Twitter for iPhone,1732.0,23.0,besok manggung di intimate concert penontonnya ga banyak dan semuanya perempuan ga sabaaarrr,"['besok', 'manggung', 'di', 'intimate', 'concert', 'penontonnya', 'ga', 'banyak', 'dan', 'semuanya', 'perempuan', 'ga', 'sabaaarrr']","['besok', 'manggung', 'di', 'intimate', 'concert', 'penontonnya', 'ga', 'banyak', 'dan', 'semuanya', 'perempuan', 'ga', 'sabaaarrr']",besok manggung di intimate concert penontonnya ga banyak dan semuanya perempuan ga sabaaarrr
23,23.0,"Terima kasih @teddyadhitya. Setelah sekian lama, akhirnya lagu ini dinyanyikan berdua lagi. Rasanya seperti mengobaâ€¦ https://t.co/iqgwsB2gzv",Twitter Media Studio,734.0,108.0,terima kasih teddyadhitya setelah sekian lama akhirnya lagu ini dinyanyikan berdua lagi rasanya seperti mengoba coiqgwsbgzv,"['terima', 'kasih', 'teddyadhitya', 'setelah', 'sekian', 'lama', 'akhirnya', 'lagu', 'ini', 'dinyanyikan', 'berdua', 'lagi', 'rasanya', 'seperti', 'mengoba', 'coiqgwsbgzv']","['terima', 'kasih', 'teddyadhitya', 'setelah', 'sekian', 'lama', 'akhirnya', 'lagu', 'ini', 'dinyanyikan', 'berdua', 'lagi', 'rasanya', 'seperti', 'mengoba', 'coiqgwsbgzv']",terima kasih teddyadhitya setelah sekian lama akhirnya lagu ini dinyanyikan berdua lagi rasanya seperti mengoba coiqgwsbgzv
24,24.0,Drop disini video kamu yang mau aku jadiin spotify canvas dunia tipu-tipu ğŸ‘‡,Twitter for iPhone,174.0,5.0,drop disini video kamu yang mau aku jadiin spotify canvas dunia tipu tipu,"['drop', 'disini', 'video', 'kamu', 'yang', 'mau', 'aku', 'jadiin', 'spotify', 'canvas', 'dunia', 'tipu', 'tipu']","['drop', 'disini', 'video', 'kamu', 'yang', 'mau', 'aku', 'jadiin', 'spotify', 'canvas', 'dunia', 'tipu', 'tipu']",drop disini video kamu yang mau aku jadiin spotify canvas dunia tipu tipu
25,25.0,Banyak yang tanya besok besok siapa lagi. Ya belum tau. Pokoknya nanti aku akan ubah Spotify canvas Dunia Tipu-Tipuâ€¦ https://t.co/fmgYJ2mTJE,Twitter for iPhone,442.0,13.0,banyak yang tanya besok besok siapa lagi ya belum tau pokoknya nanti aku akan ubah spotify canvas dunia tipu tipu cofmgyjmtje,"['banyak', 'yang', 'tanya', 'besok', 'besok', 'siapa', 'lagi', 'ya', 'belum', 'tau', 'pokoknya', 'nanti', 'aku', 'akan', 'ubah', 'spotify', 'canvas', 'dunia', 'tipu', 'tipu', 'cofmgyjmtje']","['banyak', 'yang', 'tanya', 'besok', 'besok', 'siapa', 'lagi', 'ya', 'belum', 'tau', 'pokoknya', 'nanti', 'aku', 'akan', 'ubah', 'spotify', 'canvas', 'dunia', 'tipu', 'tipu', 'cofmgyjmtje']",banyak yang tanya besok besok siapa lagi ya belum tau pokoknya nanti aku akan ubah spotify canvas dunia tipu tipu cofmgyjmtje
26,26.0,@cursedkidd @kristoimmanuel kmu tmpat aku brtumpu,Twitter for iPhone,1678.0,52.0,cursedkidd kristoimmanuel kmu tmpat aku brtumpu,"['cursedkidd', 'kristoimmanuel', 'kmu', 'tmpat', 'aku', 'brtumpu']","['cursedkidd', 'kristoimmanuel', 'kmu', 'tmpat', 'aku', 'brtumpu']",cursedkidd kristoimmanuel kmu tmpat aku brtumpu
27,27.0,"Terimakasih juga teman-teman yang lain udah mau setia menunggu sampai teman kita yang pingsan diselamatkan, baru kiâ€¦ https://t.co/vdXwp47vCE",Twitter for iPhone,71.0,1.0,terimakasih juga teman teman yang lain udah mau setia menunggu sampai teman kita yang pingsan diselamatkan baru ki covd,"['terimakasih', 'juga', 'teman', 'teman', 'yang', 'lain', 'udah', 'mau', 'setia', 'menunggu', 'sampai', 'teman', 'kita', 'yang', 'pingsan', 'diselamatkan', 'baru', 'ki', 'covd']","['terimakasih', 'juga', 'teman', 'teman', 'yang', 'lain', 'udah', 'mau', 'setia', 'menunggu', 'sampai', 'teman', 'kita', 'yang', 'pingsan', 'diselamatkan', 'baru', 'ki', 'covd']",terimakasih juga teman teman yang lain udah mau setia menunggu sampai teman kita yang pingsan diselamatkan baru ki covd
28,28.0,"Titip pesan dari aku. Sebelum datang ke konser atau festival, jangan lupa makan tepat waktu, minum air putih, makanâ€¦ https://t.co/hutJ5fSegI",Twitter for iPhone,126.0,5.0,titip pesan dari aku sebelum datang ke konser atau festival jangan lupa makan tepat waktu minum air putih makan cohutjfsegi,"['titip', 'pesan', 'dari', 'aku', 'sebelum', 'datang', 'ke', 'konser', 'atau', 'festival', 'jangan', 'lupa', 'makan', 'tepat', 'waktu', 'minum', 'air', 'putih', 'makan', 'cohutjfsegi']","['titip', 'pesan', 'dari', 'aku', 'sebelum', 'datang', 'ke', 'konser', 'atau', 'festival', 'jangan', 'lupa', 'makan', 'tepat', 'waktu', 'minum', 'air', 'putih', 'makan', 'cohutjfsegi']",titip pesan dari aku sebelum datang ke konser atau festival jangan lupa makan tepat waktu minum air putih makan cohutjfsegi
29,29.0,"Kemarin waktu aku perform, ada 2 orang di antara penonton yang pingsan. Untung tim medisnya super gercep menolong.â€¦ https://t.co/qeMjUFmjxO",Twitter for iPhone,408.0,14.0,kemarin waktu aku perform ada   orang di antara penonton yang pingsan untung tim medisnya super gercep menolong coqemjufmj,"['kemarin', 'waktu', 'aku', 'perform', 'ada', 'orang', 'di', 'antara', 'penonton', 'yang', 'pingsan', 'untung', 'tim', 'medisnya', 'super', 'gercep', 'menolong', 'coqemjufmj']","['kemarin', 'waktu', 'aku', 'perform', 'ada', 'orang', 'di', 'antara', 'penonton', 'yang', 'pingsan', 'untung', 'tim', 'medisnya', 'super', 'gercep', 'menolong', 'coqemjufmj']",kemarin waktu aku perform ada orang di antara penonton yang pingsan untung tim medisnya super gercep menolong coqemjufmj
30,30.0,Pokoknya aku seneng banget kemarin. Makasih banyak yaaa semuanya! Kita ketemu nanti malam di Foffest Makassar âœ¨ https://t.co/fLiPWIvLbt,Twitter for iPhone,636.0,29.0,pokoknya aku seneng banget kemarin makasih banyak yaaa semuanya kita ketemu nanti malam di foffest makassar coflipwivlbt,"['pokoknya', 'aku', 'seneng', 'banget', 'kemarin', 'makasih', 'banyak', 'yaaa', 'semuanya', 'kita', 'ketemu', 'nanti', 'malam', 'di', 'foffest', 'makassar', 'coflipwivlbt']","['pokoknya', 'aku', 'seneng', 'banget', 'kemarin', 'makasih', 'banyak', 'yaaa', 'semuanya', 'kita', 'ketemu', 'nanti', 'malam', 'di', 'foffest', 'makassar', 'coflipwivlbt']",pokoknya aku seneng banget kemarin makasih banyak yaaa semuanya kita ketemu nanti malam di foffest makassar coflipwivlbt
31,31.0,"Terpantau masih ada :,) https://t.co/Ji2ebh416h https://t.co/0jveX0hhVL",Twitter for iPhone,2651.0,115.0,terpantau masih ada cojiebhh cojve,"['terpantau', 'masih', 'ada', 'cojiebhh', 'cojve']","['terpantau', 'masih', 'ada', 'cojiebhh', 'cojve']",terpantau masih ada cojiebhh cojve
32,32.0,Kecuali yang ini . . . https://t.co/q2B7HIbpkW https://t.co/MyNcKCjTjT,Twitter for iPhone,57227.0,4271.0,kecuali yang ini coqbhibpkw comynckcjtjt,"['kecuali', 'yang', 'ini', 'coqbhibpkw', 'comynckcjtjt']","['kecuali', 'yang', 'ini', 'coqbhibpkw', 'comynckcjtjt']",kecuali yang ini coqbhibpkw comynckcjtjt
33,33.0,Mau peluk semua yang udah nyanyi bareng sekencang-kencangnya tadi malam. https://t.co/gGVuF1X9Bs,Twitter for iPhone,5960.0,213.0,mau peluk semua yang udah nyanyi bareng sekencang kencangnya tadi malam coggvuf,"['mau', 'peluk', 'semua', 'yang', 'udah', 'nyanyi', 'bareng', 'sekencang', 'kencangnya', 'tadi', 'malam', 'coggvuf']","['mau', 'peluk', 'semua', 'yang', 'udah', 'nyanyi', 'bareng', 'sekencang', 'kencangnya', 'tadi', 'malam', 'coggvuf']",mau peluk semua yang udah nyanyi bareng sekencang kencangnya tadi malam coggvuf
34,34.0,"RT @letterelia: semalam juga dibuat nangis kejer sama lagu tutur batin :((
terimakasihh tehhh sudah menyadarkan if we're more than enough!!â€¦",Twitter for iPhone,0.0,48.0,letterelia semalam juga dibuat nangis kejer sama lagu tutur batin terimakasihh tehhh sudah menyadarkan if were more than enough,"['letterelia', 'semalam', 'juga', 'dibuat', 'nangis', 'kejer', 'sama', 'lagu', 'tutur', 'batin', 'terimakasihh', 'tehhh', 'sudah', 'menyadarkan', 'if', 'were', 'more', 'than', 'enough']","['letterelia', 'semalam', 'juga', 'dibuat', 'nangis', 'kejer', 'sama', 'lagu', 'tutur', 'batin', 'terimakasihh', 'tehhh', 'sudah', 'menyadarkan', 'if', 'were', 'more', 'than', 'enough']",letterelia semalam juga dibuat nangis kejer sama lagu tutur batin terimakasihh tehhh sudah menyadarkan if were more than enough
35,35.0,@opik_gunners See you!,Twitter for iPhone,4.0,1.0,opik_gunners see you,"['opik_gunners', 'see', 'you']","['opik_gunners', 'see', 'you']",opik_gunners see you
36,36.0,@Cristopher_pie Aduhhh,Twitter for iPhone,8.0,0.0,cristopher_pie aduhhh,"['cristopher_pie', 'aduhhh']","['cristopher_pie', 'aduhhh']",cristopher_pie aduhhh
37,37.0,Yang reply nugget rebus ada masalah apa ya?,Twitter for iPhone,365.0,7.0,yang reply nugget rebus ada masalah apa ya,"['yang', 'reply', 'nugget', 'rebus', 'ada', 'masalah', 'apa', 'ya']","['yang', 'reply', 'nugget', 'rebus', 'ada', 'masalah', 'apa', 'ya']",yang reply nugget rebus ada masalah apa ya
38,38.0,Hari ini ke Makassar! Enaknya makan apa ya di sana?,Twitter for iPhone,1499.0,25.0,hari ini ke makassar enaknya makan apa ya di sana,"['hari', 'ini', 'ke', 'makassar', 'enaknya', 'makan', 'apa', 'ya', 'di', 'sana']","['hari', 'ini', 'ke', 'makassar', 'enaknya', 'makan', 'apa', 'ya', 'di', 'sana']",hari ini ke makassar enaknya makan apa ya di sana
39,39.0,@zivamagnolyeah semudah itu darling ğŸ’…ğŸ»,Twitter for iPhone,5906.0,88.0,zivamagnolyeah semudah itu darling,"['zivamagnolyeah', 'semudah', 'itu', 'darling']","['zivamagnolyeah', 'semudah', 'itu', 'darling']",zivamagnolyeah semudah itu darling
40,40.0,"Gantian ya kemarin willy, sekarang toko ci lenny.",Twitter for iPhone,53622.0,2429.0,gantian ya kemarin willy sekarang toko ci lenny,"['gantian', 'ya', 'kemarin', 'willy', 'sekarang', 'toko', 'ci', 'lenny']","['gantian', 'ya', 'kemarin', 'willy', 'sekarang', 'toko', 'ci', 'lenny']",gantian ya kemarin willy sekarang toko ci lenny
41,41.0,ğŸ¥¹ğŸ¥¹ğŸ¥¹ https://t.co/hzJ93PMrM4,Twitter for iPhone,172.0,3.0,cohzj <time> rm,"['cohzj', '<', 'time', '>', 'rm']","['cohzj', '<', 'time', '>', 'rm']",cohzj < time > rm
42,42.0,@zivamagnolyeah @cursedkidd Dibayar 35 milyar,Twitter for iPhone,1366.0,62.0,zivamagnolyeah cursedkidd dibayar   milyar,"['zivamagnolyeah', 'cursedkidd', 'dibayar', 'milyar']","['zivamagnolyeah', 'cursedkidd', 'dibayar', 'milyar']",zivamagnolyeah cursedkidd dibayar milyar
43,43.0,RT @ridwankamil: Malamnya menjamu para delegasi di Bogor untuk Mayoral Retreat dengan berbagai atraksi salah satunya nyanyian merdu luar biâ€¦,Twitter for iPhone,0.0,19.0,ridwankamil malamnya menjamu para delegasi di bogor untuk mayoral retreat dengan berbagai atraksi salah satunya nyanyian merdu luar bi,"['ridwankamil', 'malamnya', 'menjamu', 'para', 'delegasi', 'di', 'bogor', 'untuk', 'mayoral', 'retreat', 'dengan', 'berbagai', 'atraksi', 'salah', 'satunya', 'nyanyian', 'merdu', 'luar', 'bi']","['ridwankamil', 'malamnya', 'menjamu', 'para', 'delegasi', 'di', 'bogor', 'untuk', 'mayoral', 'retreat', 'dengan', 'berbagai', 'atraksi', 'salah', 'satunya', 'nyanyian', 'merdu', 'luar', 'bi']",ridwankamil malamnya menjamu para delegasi di bogor untuk mayoral retreat dengan berbagai atraksi salah satunya nyanyian merdu luar bi
44,44.0,Spotifyku dibajak willy ğŸ˜‚,Twitter for iPhone,60947.0,2876.0,spotifyku dibajak willy,"['spotifyku', 'dibajak', 'willy']","['spotifyku', 'dibajak', 'willy']",spotifyku dibajak willy
45,45.0,@cursedkidd boleh. udah aku masukin kamu ke video dunia tipu tipu di spotify,Twitter for iPhone,8704.0,787.0,cursedkidd boleh udah aku masukin kamu ke video dunia tipu tipu di spotify,"['cursedkidd', 'boleh', 'udah', 'aku', 'masukin', 'kamu', 'ke', 'video', 'dunia', 'tipu', 'tipu', 'di', 'spotify']","['cursedkidd', 'boleh', 'udah', 'aku', 'masukin', 'kamu', 'ke', 'video', 'dunia', 'tipu', 'tipu', 'di', 'spotify']",cursedkidd boleh udah aku masukin kamu ke video dunia tipu tipu di spotify
46,46.0,@cursedkidd aku,Twitter for iPhone,8615.0,198.0,cursedkidd aku,"['cursedkidd', 'aku']","['cursedkidd', 'aku']",cursedkidd aku
47,47.0,@_wahyupriyanto_ Adaaa âœ¨ https://t.co/2JjicqsRlm,Twitter for iPhone,12.0,0.0,_wahyupriyanto_ adaaa cojjicqsrlm,"['_wahyupriyanto_', 'adaaa', 'cojjicqsrlm']","['_wahyupriyanto_', 'adaaa', 'cojjicqsrlm']",_wahyupriyanto_ adaaa cojjicqsrlm
48,48.0,"Halo, September âœ¨ğŸ™Œ https://t.co/6lZUF8NxDh",Twitter for iPhone,503.0,28.0,halo september colzufn,"['halo', 'september', 'colzufn']","['halo', 'september', 'colzufn']",halo september colzufn
49,49.0,@cursedkidd diam km,Twitter for iPhone,2923.0,112.0,cursedkidd diam km,"['cursedkidd', 'diam', 'km']","['cursedkidd', 'diam', 'km']",cursedkidd diam km
50,50.0,Lebih mudah untuk memaafkan atau membenci?,Twitter for iPhone,17102.0,1071.0,lebih mudah untuk memaafkan atau membenci,"['lebih', 'mudah', 'untuk', 'memaafkan', 'atau', 'membenci']","['lebih', 'mudah', 'untuk', 'memaafkan', 'atau', 'membenci']",lebih mudah untuk memaafkan atau membenci
51,51.0,"RT @dyahcingawux: Sepakat ga guys, album @yurayunita yang tutur batin bener-bener ngajakin kita ngerasain healing journeynya dia. 
Aku beraâ€¦",Twitter for iPhone,0.0,15.0,dyahcingawux sepakat ga guys album yurayunita yang tutur batin bener bener ngajakin kita ngerasain healing journeynya dia aku bera,"['dyahcingawux', 'sepakat', 'ga', 'guys', 'album', 'yurayunita', 'yang', 'tutur', 'batin', 'bener', 'bener', 'ngajakin', 'kita', 'ngerasain', 'healing', 'journeynya', 'dia', 'aku', 'bera']","['dyahcingawux', 'sepakat', 'ga', 'guys', 'album', 'yurayunita', 'yang', 'tutur', 'batin', 'bener', 'bener', 'ngajakin', 'kita', 'ngerasain', 'healing', 'journeynya', 'dia', 'aku', 'bera']",dyahcingawux sepakat ga guys album yurayunita yang tutur batin bener bener ngajakin kita ngerasain healing journeynya dia aku bera
52,52.0,"Istigfarâ€¦ sabar mas, sabaar â˜ºï¸  #Intuisi di Makassar hehe https://t.co/ErxYxx6B5L",Twitter for iPhone,4731.0,952.0,istigfar sabar mas sabaar di makassar hehe coer,"['istigfar', 'sabar', 'mas', 'sabaar', 'di', 'makassar', 'hehe', 'coer']","['istigfar', 'sabar', 'mas', 'sabaar', 'di', 'makassar', 'hehe', 'coer']",istigfar sabar mas sabaar di makassar hehe coer
53,53.0,"RT @Nosuprises99: Terima kasih untuk hari ini, sempat di notice juga sama kak @yurayunita . Akhir bisa dengar lagu yang sangat berarti buatâ€¦",Twitter for iPhone,0.0,18.0,nosuprises terima kasih untuk hari ini sempat di notice juga sama kak yurayunita akhir bisa dengar lagu yang sangat berarti buat,"['nosuprises', 'terima', 'kasih', 'untuk', 'hari', 'ini', 'sempat', 'di', 'notice', 'juga', 'sama', 'kak', 'yurayunita', 'akhir', 'bisa', 'dengar', 'lagu', 'yang', 'sangat', 'berarti', 'buat']","['nosuprises', 'terima', 'kasih', 'untuk', 'hari', 'ini', 'sempat', 'di', 'notice', 'juga', 'sama', 'kak', 'yurayunita', 'akhir', 'bisa', 'dengar', 'lagu', 'yang', 'sangat', 'berarti', 'buat']",nosuprises terima kasih untuk hari ini sempat di notice juga sama kak yurayunita akhir bisa dengar lagu yang sangat berarti buat
54,54.0,"RT @4rifgunawan: Janji takkan ke mana-mana, ya.

By @yurayunita at Pestapora. https://t.co/pvQq7IHHg8",Twitter for iPhone,0.0,25.0, rifgunawan janji takkan ke mana mana ya by yurayunita at pestapora copvqqihhg,"['rifgunawan', 'janji', 'takkan', 'ke', 'mana', 'mana', 'ya', 'by', 'yurayunita', 'at', 'pestapora', 'copvqqihhg']","['rifgunawan', 'janji', 'takkan', 'ke', 'mana', 'mana', 'ya', 'by', 'yurayunita', 'at', 'pestapora', 'copvqqihhg']",rifgunawan janji takkan ke mana mana ya by yurayunita at pestapora copvqqihhg
55,55.0,"Part 2, lanjutan dari apa yang telah terjadi di video musik #DuniaTipuTipu

Mengutarakan yang belum terucap sebelumâ€¦ https://t.co/JUnXufwL5o",Twitter for iPhone,228.0,45.0,part   lanjutan dari apa yang telah terjadi di video musik mengutarakan yang belum terucap sebelum cojun,"['part', 'lanjutan', 'dari', 'apa', 'yang', 'telah', 'terjadi', 'di', 'video', 'musik', 'mengutarakan', 'yang', 'belum', 'terucap', 'sebelum', 'cojun']","['part', 'lanjutan', 'dari', 'apa', 'yang', 'telah', 'terjadi', 'di', 'video', 'musik', 'mengutarakan', 'yang', 'belum', 'terucap', 'sebelum', 'cojun']",part lanjutan dari apa yang telah terjadi di video musik mengutarakan yang belum terucap sebelum cojun
56,56.0,@senang2fest Ga sabar juga mau nyanyi bareng langsung sama teman teman disana! ğŸ™Œ,Twitter for iPhone,2.0,2.0,senangfest ga sabar juga mau nyanyi bareng langsung sama teman teman disana,"['senangfest', 'ga', 'sabar', 'juga', 'mau', 'nyanyi', 'bareng', 'langsung', 'sama', 'teman', 'teman', 'disana']","['senangfest', 'ga', 'sabar', 'juga', 'mau', 'nyanyi', 'bareng', 'langsung', 'sama', 'teman', 'teman', 'disana']",senangfest ga sabar juga mau nyanyi bareng langsung sama teman teman disana
57,57.0,"Lagu dan album ini sebuah persembahan terima kasih untuk mereka yang selalu ada, yang bersahabat dengan lebih kuranâ€¦ https://t.co/p4wKtFgv44",Twitter for iPhone,179.0,30.0,lagu dan album ini sebuah persembahan terima kasih untuk mereka yang selalu ada yang bersahabat dengan lebih kuran copwktfgv,"['lagu', 'dan', 'album', 'ini', 'sebuah', 'persembahan', 'terima', 'kasih', 'untuk', 'mereka', 'yang', 'selalu', 'ada', 'yang', 'bersahabat', 'dengan', 'lebih', 'kuran', 'copwktfgv']","['lagu', 'dan', 'album', 'ini', 'sebuah', 'persembahan', 'terima', 'kasih', 'untuk', 'mereka', 'yang', 'selalu', 'ada', 'yang', 'bersahabat', 'dengan', 'lebih', 'kuran', 'copwktfgv']",lagu dan album ini sebuah persembahan terima kasih untuk mereka yang selalu ada yang bersahabat dengan lebih kuran copwktfgv
58,58.0,"Dunia kadang penuh tipu-tipu, tapi ketika kita punya seseorang untuk bertumpu, jadi pegangan, jadi rumah, jadi tempâ€¦ https://t.co/p6oXQJc43H",Twitter for iPhone,1108.0,631.0,dunia kadang penuh tipu tipu tapi ketika kita punya seseorang untuk bertumpu jadi pegangan jadi rumah jadi temp copo,"['dunia', 'kadang', 'penuh', 'tipu', 'tipu', 'tapi', 'ketika', 'kita', 'punya', 'seseorang', 'untuk', 'bertumpu', 'jadi', 'pegangan', 'jadi', 'rumah', 'jadi', 'temp', 'copo']","['dunia', 'kadang', 'penuh', 'tipu', 'tipu', 'tapi', 'ketika', 'kita', 'punya', 'seseorang', 'untuk', 'bertumpu', 'jadi', 'pegangan', 'jadi', 'rumah', 'jadi', 'temp', 'copo']",dunia kadang penuh tipu tipu tapi ketika kita punya seseorang untuk bertumpu jadi pegangan jadi rumah jadi temp copo
59,59.0,"Sampul album #TuturBatin adalah tangkapan gambar dari kamera pribadi di kala proses lebih mengenal diri, menerima dâ€¦ https://t.co/8WOeWBdJvL",Twitter for iPhone,67.0,2.0,sampul album adalah tangkapan gambar dari kamera pribadi di kala proses lebih mengenal diri menerima cowoewbdjvl,"['sampul', 'album', 'adalah', 'tangkapan', 'gambar', 'dari', 'kamera', 'pribadi', 'di', 'kala', 'proses', 'lebih', 'mengenal', 'diri', 'menerima', 'cowoewbdjvl']","['sampul', 'album', 'adalah', 'tangkapan', 'gambar', 'dari', 'kamera', 'pribadi', 'di', 'kala', 'proses', 'lebih', 'mengenal', 'diri', 'menerima', 'cowoewbdjvl']",sampul album adalah tangkapan gambar dari kamera pribadi di kala proses lebih mengenal diri menerima cowoewbdjvl
60,60.0,"Lagu ini juga jadi urutan pertama dari rangkaian 11 lagu yang ada di album ke-3 ku, Tutur Batin. Berperan menjadi pâ€¦ https://t.co/JTTbcex1Vr",Twitter for iPhone,43.0,1.0,lagu ini juga jadi urutan pertama dari rangkaian   lagu yang ada di album ke   ku tutur batin berperan menjadi cojttbce,"['lagu', 'ini', 'juga', 'jadi', 'urutan', 'pertama', 'dari', 'rangkaian', 'lagu', 'yang', 'ada', 'di', 'album', 'ke', 'ku', 'tutur', 'batin', 'berperan', 'menjadi', 'cojttbce']","['lagu', 'ini', 'juga', 'jadi', 'urutan', 'pertama', 'dari', 'rangkaian', 'lagu', 'yang', 'ada', 'di', 'album', 'ke', 'ku', 'tutur', 'batin', 'berperan', 'menjadi', 'cojttbce']",lagu ini juga jadi urutan pertama dari rangkaian lagu yang ada di album ke ku tutur batin berperan menjadi cojttbce
61,61.0,Demo version lagu #DuniaTipuTipu. Ditulis dan direkam seadanya tahun lalu beberapa hari setelah ulang tahunku. https://t.co/GmbDDdinpO,Twitter Media Studio,555.0,66.0,demo version lagu ditulis dan direkam seadanya tahun lalu beberapa hari setelah ulang tahunku cogmbdddinpo,"['demo', 'version', 'lagu', 'ditulis', 'dan', 'direkam', 'seadanya', 'tahun', 'lalu', 'beberapa', 'hari', 'setelah', 'ulang', 'tahunku', 'cogmbdddinpo']","['demo', 'version', 'lagu', 'ditulis', 'dan', 'direkam', 'seadanya', 'tahun', 'lalu', 'beberapa', 'hari', 'setelah', 'ulang', 'tahunku', 'cogmbdddinpo']",demo version lagu ditulis dan direkam seadanya tahun lalu beberapa hari setelah ulang tahunku cogmbdddinpo
63,63.0,@eliensambat hmmm belum dengerin dunia tipu-tipu ya km,Twitter for iPhone,1.0,0.0,eliensambat hmmm belum dengerin dunia tipu tipu ya km,"['eliensambat', 'hmmm', 'belum', 'dengerin', 'dunia', 'tipu', 'tipu', 'ya', 'km']","['eliensambat', 'hmmm', 'belum', 'dengerin', 'dunia', 'tipu', 'tipu', 'ya', 'km']",eliensambat hmmm belum dengerin dunia tipu tipu ya km
64,64.0,Ku tertawa tanpa tapi. Tetaplah seperti ini~,Twitter for iPhone,1178.0,168.0,ku tertawa tanpa tapi tetaplah seperti ini,"['ku', 'tertawa', 'tanpa', 'tapi', 'tetaplah', 'seperti', 'ini']","['ku', 'tertawa', 'tanpa', 'tapi', 'tetaplah', 'seperti', 'ini']",ku tertawa tanpa tapi tetaplah seperti ini
65,65.0,"Aku melihat pernikahan itu komposisinya 10% cintah, 90% lelucon aneh tiap hari.",Twitter for iPhone,36830.0,5502.0,aku melihat pernikahan itu komposisinya   cintah   lelucon aneh tiap hari,"['aku', 'melihat', 'pernikahan', 'itu', 'komposisinya', 'cintah', 'lelucon', 'aneh', 'tiap', 'hari']","['aku', 'melihat', 'pernikahan', 'itu', 'komposisinya', 'cintah', 'lelucon', 'aneh', 'tiap', 'hari']",aku melihat pernikahan itu komposisinya cintah lelucon aneh tiap hari
66,66.0,RT @katsumatcha: Yura Yunani nih @yurayunita https://t.co/pS1gTRpDsp,Twitter for iPhone,0.0,11.0,katsumatcha yura yunani nih yurayunita copsgtrpdsp,"['katsumatcha', 'yura', 'yunani', 'nih', 'yurayunita', 'copsgtrpdsp']","['katsumatcha', 'yura', 'yunani', 'nih', 'yurayunita', 'copsgtrpdsp']",katsumatcha yura yunani nih yurayunita copsgtrpdsp
67,67.0,RT @gaby_sumaraw: @yurayunita Epic Closing Asian Para Games Merakit+fireworks ğŸ† kayaknya merakit Live hari ini terbaik &amp; super indah @yurayâ€¦,Twitter for iPhone,0.0,22.0,gaby_sumaraw yurayunita epic closing asian para games merakitfireworks kayaknya merakit live hari ini terbaik amp super indah yuray,"['gaby_sumaraw', 'yurayunita', 'epic', 'closing', 'asian', 'para', 'games', 'merakitfireworks', 'kayaknya', 'merakit', 'live', 'hari', 'ini', 'terbaik', 'amp', 'super', 'indah', 'yuray']","['gaby_sumaraw', 'yurayunita', 'epic', 'closing', 'asian', 'para', 'games', 'merakitfireworks', 'kayaknya', 'merakit', 'live', 'hari', 'ini', 'terbaik', 'amp', 'super', 'indah', 'yuray']",gaby_sumaraw yurayunita epic closing asian para games merakitfireworks kayaknya merakit live hari ini terbaik amp super indah yuray
68,68.0,"@jsaidwortell Masih aja :,)",Twitter for iPhone,4.0,1.0,jsaidwortell masih aja,"['jsaidwortell', 'masih', 'aja']","['jsaidwortell', 'masih', 'aja']",jsaidwortell masih aja
69,69.0,Sudah tiba di Solo untuk Closing Ceremony Asean Para Games nanti malam ğŸ˜Š,Twitter for iPhone,1320.0,28.0,sudah tiba di solo untuk closing ceremony asean para games nanti malam,"['sudah', 'tiba', 'di', 'solo', 'untuk', 'closing', 'ceremony', 'asean', 'para', 'games', 'nanti', 'malam']","['sudah', 'tiba', 'di', 'solo', 'untuk', 'closing', 'ceremony', 'asean', 'para', 'games', 'nanti', 'malam']",sudah tiba di solo untuk closing ceremony asean para games nanti malam
71,71.0,Tidak setiap saat saling bertukar kabar tapi tau kalau masing-masing dari kita selalu ada untuk satu sama lain.,Twitter for iPhone,47518.0,14151.0,tidak setiap saat saling bertukar kabar tapi tau kalau masing masing dari kita selalu ada untuk satu sama lain,"['tidak', 'setiap', 'saat', 'saling', 'bertukar', 'kabar', 'tapi', 'tau', 'kalau', 'masing', 'masing', 'dari', 'kita', 'selalu', 'ada', 'untuk', 'satu', 'sama', 'lain']","['tidak', 'setiap', 'saat', 'saling', 'bertukar', 'kabar', 'tapi', 'tau', 'kalau', 'masing', 'masing', 'dari', 'kita', 'selalu', 'ada', 'untuk', 'satu', 'sama', 'lain']",tidak setiap saat saling bertukar kabar tapi tau kalau masing masing dari kita selalu ada untuk satu sama lain
72,72.0,Siapa yang terlintas di kepalamu waktu dengerin #DuniaTipuTipu?,Twitter for iPhone,12746.0,734.0,siapa yang terlintas di kepalamu waktu dengerin,"['siapa', 'yang', 'terlintas', 'di', 'kepalamu', 'waktu', 'dengerin']","['siapa', 'yang', 'terlintas', 'di', 'kepalamu', 'waktu', 'dengerin']",siapa yang terlintas di kepalamu waktu dengerin
73,73.0,Nangis banget liat ada yang recreate video musik dunia tipu tipu sama pasangannya ğŸ˜­ https://t.co/fcAH7aoP2I,Twitter Media Studio,4007.0,603.0,nangis banget liat ada yang recreate video musik dunia tipu tipu sama pasangannya cofcahaopi,"['nangis', 'banget', 'liat', 'ada', 'yang', 'recreate', 'video', 'musik', 'dunia', 'tipu', 'tipu', 'sama', 'pasangannya', 'cofcahaopi']","['nangis', 'banget', 'liat', 'ada', 'yang', 'recreate', 'video', 'musik', 'dunia', 'tipu', 'tipu', 'sama', 'pasangannya', 'cofcahaopi']",nangis banget liat ada yang recreate video musik dunia tipu tipu sama pasangannya cofcahaopi
74,74.0,Terima kasih ğŸ’—ğŸ’—ğŸ’—,Twitter for iPhone,109.0,3.0,terima kasih,"['terima', 'kasih']","['terima', 'kasih']",terima kasih
75,75.0,"2 hari, 2jt views, #1 di youtube trending for music. Masih ga nyangka ğŸ˜­

https://t.co/qKGOm5Twyj https://t.co/5plzcvqWYk",Twitter for iPhone,1747.0,109.0,  hari  jt views di youtube trending for music masih ga nyangka coqkgomtwyj coplzcvqwyk,"['hari', 'jt', 'views', 'di', 'youtube', 'trending', 'for', 'music', 'masih', 'ga', 'nyangka', 'coqkgomtwyj', 'coplzcvqwyk']","['hari', 'jt', 'views', 'di', 'youtube', 'trending', 'for', 'music', 'masih', 'ga', 'nyangka', 'coqkgomtwyj', 'coplzcvqwyk']",hari jt views di youtube trending for music masih ga nyangka coqkgomtwyj coplzcvqwyk
76,76.0,"@ikanatassa Kak Ika, terima kasih ğŸ¥¹",Twitter for iPhone,5.0,0.0,ikanatassa kak ika terima kasih,"['ikanatassa', 'kak', 'ika', 'terima', 'kasih']","['ikanatassa', 'kak', 'ika', 'terima', 'kasih']",ikanatassa kak ika terima kasih
77,77.0,"RT @vlyyy_____: Dari kemarin masih nahan untuk liat MV nya teh Yura yunita - Dunia Tipu Tipu , ini. tapi hari ini coba nonton, dan alhasilâ€¦",Twitter for iPhone,0.0,3.0,vlyyy_____ dari kemarin masih nahan untuk liat mv nya teh yura yunita dunia tipu tipu ini tapi hari ini coba nonton dan alhasil,"['vlyyy_____', 'dari', 'kemarin', 'masih', 'nahan', 'untuk', 'liat', 'mv', 'nya', 'teh', 'yura', 'yunita', 'dunia', 'tipu', 'tipu', 'ini', 'tapi', 'hari', 'ini', 'coba', 'nonton', 'dan', 'alhasil']","['vlyyy_____', 'dari', 'kemarin', 'masih', 'nahan', 'untuk', 'liat', 'mv', 'nya', 'teh', 'yura', 'yunita', 'dunia', 'tipu', 'tipu', 'ini', 'tapi', 'hari', 'ini', 'coba', 'nonton', 'dan', 'alhasil']",vlyyy_____ dari kemarin masih nahan untuk liat mv nya teh yura yunita dunia tipu tipu ini tapi hari ini coba nonton dan alhasil
78,78.0,"RT @selplopppp: baru kali ini dengerin lagu pertama kali langsung nangis, gila keren banget lagunya yura yunita dunia tipu-tipu. nangis kejâ€¦",Twitter for iPhone,0.0,32.0,selplopppp baru kali ini dengerin lagu pertama kali langsung nangis gila keren banget lagunya yura yunita dunia tipu tipu nangis kej,"['selplopppp', 'baru', 'kali', 'ini', 'dengerin', 'lagu', 'pertama', 'kali', 'langsung', 'nangis', 'gila', 'keren', 'banget', 'lagunya', 'yura', 'yunita', 'dunia', 'tipu', 'tipu', 'nangis', 'kej']","['selplopppp', 'baru', 'kali', 'ini', 'dengerin', 'lagu', 'pertama', 'kali', 'langsung', 'nangis', 'gila', 'keren', 'banget', 'lagunya', 'yura', 'yunita', 'dunia', 'tipu', 'tipu', 'nangis', 'kej']",selplopppp baru kali ini dengerin lagu pertama kali langsung nangis gila keren banget lagunya yura yunita dunia tipu tipu nangis kej
79,79.0,Salam untuk Ibu yaaaa Yaya ğŸ¤ğŸ™ğŸ» https://t.co/zKCHoQBU6t,Twitter for iPhone,87.0,3.0,salam untuk ibu yaaaa yaya cozkchoqbut,"['salam', 'untuk', 'ibu', 'yaaaa', 'yaya', 'cozkchoqbut']","['salam', 'untuk', 'ibu', 'yaaaa', 'yaya', 'cozkchoqbut']",salam untuk ibu yaaaa yaya cozkchoqbut
80,80.0,1 juta lebih dalam 1 hari. Aku masih memproses berjuta rasa yang muncul dalam beberapa hari terakhir ini. Rasa yangâ€¦ https://t.co/n5QjmdVWKr,Twitter for iPhone,27139.0,2367.0,  juta lebih dalam   hari aku masih memproses berjuta rasa yang muncul dalam beberapa hari terakhir ini rasa yang conqjmdvwkr,"['juta', 'lebih', 'dalam', 'hari', 'aku', 'masih', 'memproses', 'berjuta', 'rasa', 'yang', 'muncul', 'dalam', 'beberapa', 'hari', 'terakhir', 'ini', 'rasa', 'yang', 'conqjmdvwkr']","['juta', 'lebih', 'dalam', 'hari', 'aku', 'masih', 'memproses', 'berjuta', 'rasa', 'yang', 'muncul', 'dalam', 'beberapa', 'hari', 'terakhir', 'ini', 'rasa', 'yang', 'conqjmdvwkr']",juta lebih dalam hari aku masih memproses berjuta rasa yang muncul dalam beberapa hari terakhir ini rasa yang conqjmdvwkr
81,81.0,"RT @abigailimuriaa: Dunia Tipu-Tipu bagus banget. Simpel, intimate, ngebekas, pesennya nancep. Salah satu musik video terbaik yang pernah gâ€¦",Twitter for iPhone,0.0,11.0,abigailimuriaa dunia tipu tipu bagus banget simpel intimate ngebekas pesennya nancep salah satu musik video terbaik yang pernah,"['abigailimuriaa', 'dunia', 'tipu', 'tipu', 'bagus', 'banget', 'simpel', 'intimate', 'ngebekas', 'pesennya', 'nancep', 'salah', 'satu', 'musik', 'video', 'terbaik', 'yang', 'pernah']","['abigailimuriaa', 'dunia', 'tipu', 'tipu', 'bagus', 'banget', 'simpel', 'intimate', 'ngebekas', 'pesennya', 'nancep', 'salah', 'satu', 'musik', 'video', 'terbaik', 'yang', 'pernah']",abigailimuriaa dunia tipu tipu bagus banget simpel intimate ngebekas pesennya nancep salah satu musik video terbaik yang pernah
82,82.0,RT @anjaswords: Lagu Dunia Tipu-Tipu - Yura Yunita mengajarkan tentang pentingnya punya seseorang mengerti baik buruk tentang kita. Entah iâ€¦,Twitter for iPhone,0.0,15530.0,anjaswords lagu dunia tipu tipu yura yunita mengajarkan tentang pentingnya punya seseorang mengerti baik buruk tentang kita entah,"['anjaswords', 'lagu', 'dunia', 'tipu', 'tipu', 'yura', 'yunita', 'mengajarkan', 'tentang', 'pentingnya', 'punya', 'seseorang', 'mengerti', 'baik', 'buruk', 'tentang', 'kita', 'entah']","['anjaswords', 'lagu', 'dunia', 'tipu', 'tipu', 'yura', 'yunita', 'mengajarkan', 'tentang', 'pentingnya', 'punya', 'seseorang', 'mengerti', 'baik', 'buruk', 'tentang', 'kita', 'entah']",anjaswords lagu dunia tipu tipu yura yunita mengajarkan tentang pentingnya punya seseorang mengerti baik buruk tentang kita entah
83,83.0,"RT @srytinuragg: Denger lagu nya teh yura yg â€œdunia tipu-tipuâ€ makin sayang banget sama orang-orang yg selalu baik, ada buat gue. Dan emangâ€¦",Twitter for iPhone,0.0,183.0,srytinuragg denger lagu nya teh yura yg dunia tipu tipu makin sayang banget sama orang orang yg selalu baik ada buat gue dan emang,"['srytinuragg', 'denger', 'lagu', 'nya', 'teh', 'yura', 'yg', 'dunia', 'tipu', 'tipu', 'makin', 'sayang', 'banget', 'sama', 'orang', 'orang', 'yg', 'selalu', 'baik', 'ada', 'buat', 'gue', 'dan', 'emang']","['srytinuragg', 'denger', 'lagu', 'nya', 'teh', 'yura', 'yg', 'dunia', 'tipu', 'tipu', 'makin', 'sayang', 'banget', 'sama', 'orang', 'orang', 'yg', 'selalu', 'baik', 'ada', 'buat', 'gue', 'dan', 'emang']",srytinuragg denger lagu nya teh yura yg dunia tipu tipu makin sayang banget sama orang orang yg selalu baik ada buat gue dan emang
84,84.0,"RT @tmrnrzkr: Dengerin duniatiputipu rasanya mau melukin keluarga, pasangan, sahabat.  U kno who u are, kita ga selalu bareng bareng but onâ€¦",Twitter for iPhone,0.0,198.0,tmrnrzkr dengerin duniatiputipu rasanya mau melukin keluarga pasangan sahabat kno who are kita ga selalu bareng bareng but on,"['tmrnrzkr', 'dengerin', 'duniatiputipu', 'rasanya', 'mau', 'melukin', 'keluarga', 'pasangan', 'sahabat', 'kno', 'who', 'are', 'kita', 'ga', 'selalu', 'bareng', 'bareng', 'but', 'on']","['tmrnrzkr', 'dengerin', 'duniatiputipu', 'rasanya', 'mau', 'melukin', 'keluarga', 'pasangan', 'sahabat', 'kno', 'who', 'are', 'kita', 'ga', 'selalu', 'bareng', 'bareng', 'but', 'on']",tmrnrzkr dengerin duniatiputipu rasanya mau melukin keluarga pasangan sahabat kno who are kita ga selalu bareng bareng but on
85,85.0,RT @gulaagulali02: Nangis denger lagunya ğŸ˜­ğŸ˜­ğŸ˜­ suami yg lagi kerja dan kebetulan dengerin lagu ini juga karena deketan tiba2 langsung meluk .â€¦,Twitter for iPhone,0.0,1.0,gulaagulali nangis denger lagunya suami yg lagi kerja dan kebetulan dengerin lagu ini juga karena deketan tiba langsung meluk,"['gulaagulali', 'nangis', 'denger', 'lagunya', 'suami', 'yg', 'lagi', 'kerja', 'dan', 'kebetulan', 'dengerin', 'lagu', 'ini', 'juga', 'karena', 'deketan', 'tiba', 'langsung', 'meluk']","['gulaagulali', 'nangis', 'denger', 'lagunya', 'suami', 'yg', 'lagi', 'kerja', 'dan', 'kebetulan', 'dengerin', 'lagu', 'ini', 'juga', 'karena', 'deketan', 'tiba', 'langsung', 'meluk']",gulaagulali nangis denger lagunya suami yg lagi kerja dan kebetulan dengerin lagu ini juga karena deketan tiba langsung meluk
86,86.0,"RT @shelmashalindri: Ku kira biasa aja, makanya ku tonton sambil sarapan dan tanpa persiapan mental, persiapannya cuma ngerekam reaksi aja.â€¦",Twitter for iPhone,0.0,9.0,shelmashalindri ku kira biasa aja makanya ku tonton sambil sarapan dan tanpa persiapan mental persiapannya cuma ngerekam reaksi aja,"['shelmashalindri', 'ku', 'kira', 'biasa', 'aja', 'makanya', 'ku', 'tonton', 'sambil', 'sarapan', 'dan', 'tanpa', 'persiapan', 'mental', 'persiapannya', 'cuma', 'ngerekam', 'reaksi', 'aja']","['shelmashalindri', 'ku', 'kira', 'biasa', 'aja', 'makanya', 'ku', 'tonton', 'sambil', 'sarapan', 'dan', 'tanpa', 'persiapan', 'mental', 'persiapannya', 'cuma', 'ngerekam', 'reaksi', 'aja']",shelmashalindri ku kira biasa aja makanya ku tonton sambil sarapan dan tanpa persiapan mental persiapannya cuma ngerekam reaksi aja
87,87.0,"Ragam hubungan, di satu ruang, tanpa kata, hanya mata bicara. Semua begitu nyata. https://t.co/qKGOm5Twyj Video Musik #DuniaTipuTipu",Twitter for iPhone,2167.0,413.0,ragam hubungan di satu ruang tanpa kata hanya mata bicara semua begitu nyata coqkgomtwyj video musik,"['ragam', 'hubungan', 'di', 'satu', 'ruang', 'tanpa', 'kata', 'hanya', 'mata', 'bicara', 'semua', 'begitu', 'nyata', 'coqkgomtwyj', 'video', 'musik']","['ragam', 'hubungan', 'di', 'satu', 'ruang', 'tanpa', 'kata', 'hanya', 'mata', 'bicara', 'semua', 'begitu', 'nyata', 'coqkgomtwyj', 'video', 'musik']",ragam hubungan di satu ruang tanpa kata hanya mata bicara semua begitu nyata coqkgomtwyj video musik
88,88.0,Hatiku udah ga sanggup lagi. Banyak sekali yang bikin nangis hari ini ğŸ¥º,Twitter for iPhone,31475.0,5161.0,hatiku udah ga sanggup lagi banyak sekali yang bikin nangis hari ini,"['hatiku', 'udah', 'ga', 'sanggup', 'lagi', 'banyak', 'sekali', 'yang', 'bikin', 'nangis', 'hari', 'ini']","['hatiku', 'udah', 'ga', 'sanggup', 'lagi', 'banyak', 'sekali', 'yang', 'bikin', 'nangis', 'hari', 'ini']",hatiku udah ga sanggup lagi banyak sekali yang bikin nangis hari ini
89,89.0,"RT @sieniiiniih: Dari lagu ini kita bisa belajar untuk lebih menghargai segala pemberian yang tuhan berikan sama kita, salah satunya adalahâ€¦",Twitter for iPhone,0.0,401.0,sieniiiniih dari lagu ini kita bisa belajar untuk lebih menghargai segala pemberian yang tuhan berikan sama kita salah satunya adalah,"['sieniiiniih', 'dari', 'lagu', 'ini', 'kita', 'bisa', 'belajar', 'untuk', 'lebih', 'menghargai', 'segala', 'pemberian', 'yang', 'tuhan', 'berikan', 'sama', 'kita', 'salah', 'satunya', 'adalah']","['sieniiiniih', 'dari', 'lagu', 'ini', 'kita', 'bisa', 'belajar', 'untuk', 'lebih', 'menghargai', 'segala', 'pemberian', 'yang', 'tuhan', 'berikan', 'sama', 'kita', 'salah', 'satunya', 'adalah']",sieniiiniih dari lagu ini kita bisa belajar untuk lebih menghargai segala pemberian yang tuhan berikan sama kita salah satunya adalah
90,90.0,"Jam 8 malam ini. 
Video Musik #DuniaTipuTipu ğŸ‘€
 https://t.co/qKGOm5Twyj https://t.co/bPaSaV3eAP",Twitter for iPhone,1062.0,229.0,jam   malam ini video musik coqkgomtwyj cobpasaveap,"['jam', 'malam', 'ini', 'video', 'musik', 'coqkgomtwyj', 'cobpasaveap']","['jam', 'malam', 'ini', 'video', 'musik', 'coqkgomtwyj', 'cobpasaveap']",jam malam ini video musik coqkgomtwyj cobpasaveap
91,91.0,Yuk buka Resso nya sekarang sambil nunggu video musik #DuniaTipuTipu  ğŸ‘€ https://t.co/SeArl1Bpiz,Twitter for iPhone,44.0,1.0,yuk buka resso nya sekarang sambil nunggu video musik cosearlbpiz,"['yuk', 'buka', 'resso', 'nya', 'sekarang', 'sambil', 'nunggu', 'video', 'musik', 'cosearlbpiz']","['yuk', 'buka', 'resso', 'nya', 'sekarang', 'sambil', 'nunggu', 'video', 'musik', 'cosearlbpiz']",yuk buka resso nya sekarang sambil nunggu video musik cosearlbpiz
92,92.0,Cosplay jadi mighty thor âš¡ï¸ https://t.co/9D22hK2hH8,Twitter for iPhone,2585.0,111.0,cosplay jadi mighty thor codhkhh,"['cosplay', 'jadi', 'mighty', 'thor', 'codhkhh']","['cosplay', 'jadi', 'mighty', 'thor', 'codhkhh']",cosplay jadi mighty thor codhkhh
93,93.0,#NewProfilePic ğŸ¤ Menyambut Video Musik #DuniaTipuTipu 27 Juli 2022 https://t.co/XCdBX5rPmQ,Twitter for iPhone,944.0,47.0,menyambut video musik   juli   co,"['menyambut', 'video', 'musik', 'juli', 'co']","['menyambut', 'video', 'musik', 'juli', 'co']",menyambut video musik juli co
94,94.0,@mazzini_gsp Adaaaa! Gemes ğŸ’š,Twitter for iPhone,23.0,0.0,mazzini_gsp adaaaa gemes,"['mazzini_gsp', 'adaaaa', 'gemes']","['mazzini_gsp', 'adaaaa', 'gemes']",mazzini_gsp adaaaa gemes
95,95.0,@ItuKutil diantos,Twitter for iPhone,0.0,0.0,itukutil diantos,"['itukutil', 'diantos']","['itukutil', 'diantos']",itukutil diantos
96,96.0,@rn_pstl Waktu itu ada yang bawa lightstick blackpink hmmm gpp mungkin dia pikir aku lisa,Twitter for iPhone,160.0,2.0,rn_pstl waktu itu ada yang bawa lightstick blackpink hmmm gpp mungkin dia pikir aku lisa,"['rn_pstl', 'waktu', 'itu', 'ada', 'yang', 'bawa', 'lightstick', 'blackpink', 'hmmm', 'gpp', 'mungkin', 'dia', 'pikir', 'aku', 'lisa']","['rn_pstl', 'waktu', 'itu', 'ada', 'yang', 'bawa', 'lightstick', 'blackpink', 'hmmm', 'gpp', 'mungkin', 'dia', 'pikir', 'aku', 'lisa']",rn_pstl waktu itu ada yang bawa lightstick blackpink hmmm gpp mungkin dia pikir aku lisa
97,97.0,Janji! Kita ketemu lagi besok di Bekasi. See you ğŸ¤ https://t.co/1ePEQPPJr3,Twitter for iPhone,203.0,17.0,janji kita ketemu lagi besok di bekasi see you coepeqppjr,"['janji', 'kita', 'ketemu', 'lagi', 'besok', 'di', 'bekasi', 'see', 'you', 'coepeqppjr']","['janji', 'kita', 'ketemu', 'lagi', 'besok', 'di', 'bekasi', 'see', 'you', 'coepeqppjr']",janji kita ketemu lagi besok di bekasi see you coepeqppjr
98,98.0,Terpantau tidak ada yang aneh-aneh malam ini ğŸ˜Œ https://t.co/rGNQvFLsV4,Twitter for iPhone,2014.0,93.0,terpantau tidak ada yang aneh aneh malam ini corgnqvflsv,"['terpantau', 'tidak', 'ada', 'yang', 'aneh', 'aneh', 'malam', 'ini', 'corgnqvflsv']","['terpantau', 'tidak', 'ada', 'yang', 'aneh', 'aneh', 'malam', 'ini', 'corgnqvflsv']",terpantau tidak ada yang aneh aneh malam ini corgnqvflsv
99,99.0,Tenang tenang ubi (dance practice) https://t.co/yk3pFH4P8D,Twitter for iPhone,2691.0,359.0,tenang tenang ubi dance practice coykpfhpd,"['tenang', 'tenang', 'ubi', 'dance', 'practice', 'coykpfhpd']","['tenang', 'tenang', 'ubi', 'dance', 'practice', 'coykpfhpd']",tenang tenang ubi dance practice coykpfhpd
100,100.0,Maaf. Gini doang aku ngakak ğŸ˜‚ https://t.co/halGXkWbBM https://t.co/wUqEfDyxmJ,Twitter for iPhone,1067.0,92.0,maaf gini doang aku ngakak cohalg cowuqefdy,"['maaf', 'gini', 'doang', 'aku', 'ngakak', 'cohalg', 'cowuqefdy']","['maaf', 'gini', 'doang', 'aku', 'ngakak', 'cohalg', 'cowuqefdy']",maaf gini doang aku ngakak cohalg cowuqefdy
101,101.0,Kemarin malam âœ¨âœ¨âœ¨ https://t.co/FmtjdZdjfO,Twitter for iPhone,1666.0,95.0,kemarin malam cofmtjdzdjfo,"['kemarin', 'malam', 'cofmtjdzdjfo']","['kemarin', 'malam', 'cofmtjdzdjfo']",kemarin malam cofmtjdzdjfo
102,102.0,@Discoverskak Terheran heran ğŸ˜‚ğŸ˜‚ğŸ˜‚,Twitter for iPhone,381.0,7.0,discoverskak terheran heran,"['discoverskak', 'terheran', 'heran']","['discoverskak', 'terheran', 'heran']",discoverskak terheran heran
103,103.0,"Astagfirullah, kalian kenapa sih? ğŸ˜­ğŸ˜†ğŸ«  https://t.co/aeZ35a47kb",Twitter for iPhone,41566.0,3449.0,astagfirullah kalian kenapa sih coaezakb,"['astagfirullah', 'kalian', 'kenapa', 'sih', 'coaezakb']","['astagfirullah', 'kalian', 'kenapa', 'sih', 'coaezakb']",astagfirullah kalian kenapa sih coaezakb
104,104.0,Ketemu sebentar lagi ya! ğŸ˜˜ https://t.co/uhUciCw6Sj,Twitter for iPhone,284.0,4.0,ketemu sebentar lagi ya couhucicwsj,"['ketemu', 'sebentar', 'lagi', 'ya', 'couhucicwsj']","['ketemu', 'sebentar', 'lagi', 'ya', 'couhucicwsj']",ketemu sebentar lagi ya couhucicwsj
106,106.0,Baca replies nya kenapa sih mood bgt ğŸ˜­,Twitter for iPhone,772.0,10.0,baca replies nya kenapa sih mood bgt,"['baca', 'replies', 'nya', 'kenapa', 'sih', 'mood', 'bgt']","['baca', 'replies', 'nya', 'kenapa', 'sih', 'mood', 'bgt']",baca replies nya kenapa sih mood bgt
107,107.0,"Kita bertemu nanti malam yaaa di Bigu Fest, Hutan Kota GBK ğŸ™Œ",Twitter for iPhone,518.0,10.0,kita bertemu nanti malam yaaa di bigu fest hutan kota gbk,"['kita', 'bertemu', 'nanti', 'malam', 'yaaa', 'di', 'bigu', 'fest', 'hutan', 'kota', 'gbk']","['kita', 'bertemu', 'nanti', 'malam', 'yaaa', 'di', 'bigu', 'fest', 'hutan', 'kota', 'gbk']",kita bertemu nanti malam yaaa di bigu fest hutan kota gbk
108,108.0,@cerenitity Bagus ğŸ‘,Twitter for iPhone,3.0,0.0,cerenitity bagus,"['cerenitity', 'bagus']","['cerenitity', 'bagus']",cerenitity bagus
109,109.0,@hhhandini yu to the na to the ni,Twitter for iPhone,50.0,3.0,hhhandini yu to the na to the ni,"['hhhandini', 'yu', 'to', 'the', 'na', 'to', 'the', 'ni']","['hhhandini', 'yu', 'to', 'the', 'na', 'to', 'the', 'ni']",hhhandini yu to the na to the ni
110,110.0,Udah ah mau nonton attorney woo dulu ğŸ³,Twitter for iPhone,893.0,31.0,udah ah mau nonton attorney woo dulu,"['udah', 'ah', 'mau', 'nonton', 'attorney', 'woo', 'dulu']","['udah', 'ah', 'mau', 'nonton', 'attorney', 'woo', 'dulu']",udah ah mau nonton attorney woo dulu
111,111.0,@cursedkidd @AREAJULID https://t.co/m8hZXm29Sx,Twitter for iPhone,3030.0,95.0,cursedkidd areajulid comhz,"['cursedkidd', 'areajulid', 'comhz']","['cursedkidd', 'areajulid', 'comhz']",cursedkidd areajulid comhz
112,112.0,@AREAJULID Siapa dia,Twitter for iPhone,5131.0,107.0,areajulid siapa dia,"['areajulid', 'siapa', 'dia']","['areajulid', 'siapa', 'dia']",areajulid siapa dia
113,113.0,Yura Yunari https://t.co/yLNCBhvo3G,Twitter for iPhone,72880.0,4851.0,yura yunari coylncbhvog,"['yura', 'yunari', 'coylncbhvog']","['yura', 'yunari', 'coylncbhvog']",yura yunari coylncbhvog
114,114.0,Jadi pengen nyobain makan natto deh. Kayaknya aku bakalan suka ğŸ˜•,Twitter for iPhone,560.0,17.0,jadi pengen nyobain makan natto deh kayaknya aku bakalan suka,"['jadi', 'pengen', 'nyobain', 'makan', 'natto', 'deh', 'kayaknya', 'aku', 'bakalan', 'suka']","['jadi', 'pengen', 'nyobain', 'makan', 'natto', 'deh', 'kayaknya', 'aku', 'bakalan', 'suka']",jadi pengen nyobain makan natto deh kayaknya aku bakalan suka
116,116.0,@kristoimmanuel Udah doong capek ğŸ˜‚ğŸ˜­ğŸ˜­,Twitter for iPhone,399.0,4.0,kristoimmanuel udah doong capek,"['kristoimmanuel', 'udah', 'doong', 'capek']","['kristoimmanuel', 'udah', 'doong', 'capek']",kristoimmanuel udah doong capek
118,118.0,@awnnisza Banget,Twitter for iPhone,201.0,4.0,awnnisza banget,"['awnnisza', 'banget']","['awnnisza', 'banget']",awnnisza banget
119,119.0,Janji ga yunani?,Twitter for iPhone,34242.0,2059.0,janji ga yunani,"['janji', 'ga', 'yunani']","['janji', 'ga', 'yunani']",janji ga yunani
120,120.0,Nuhun gusti dikasih capek karena ketawa ğŸ¥¹ğŸ™,Twitter for iPhone,8652.0,542.0,nuhun gusti dikasih capek karena ketawa,"['nuhun', 'gusti', 'dikasih', 'capek', 'karena', 'ketawa']","['nuhun', 'gusti', 'dikasih', 'capek', 'karena', 'ketawa']",nuhun gusti dikasih capek karena ketawa
121,121.0,@Dearichan Maafkan kelabilan ini ğŸ™,Twitter for iPhone,5.0,0.0,dearichan maafkan kelabilan ini,"['dearichan', 'maafkan', 'kelabilan', 'ini']","['dearichan', 'maafkan', 'kelabilan', 'ini']",dearichan maafkan kelabilan ini
122,122.0,@fauziazhr_ plis aku ngakak sampe nangis cape bgt,Twitter for iPhone,6.0,1.0,fauziazhr_ plis aku ngakak sampe nangis cape bgt,"['fauziazhr_', 'plis', 'aku', 'ngakak', 'sampe', 'nangis', 'cape', 'bgt']","['fauziazhr_', 'plis', 'aku', 'ngakak', 'sampe', 'nangis', 'cape', 'bgt']",fauziazhr_ plis aku ngakak sampe nangis cape bgt
123,123.0,Ga jadi ygy,Twitter for iPhone,264.0,2.0,ga jadi ygy,"['ga', 'jadi', 'ygy']","['ga', 'jadi', 'ygy']",ga jadi ygy
124,124.0,@sherylsheinafia Ganti lagi ah malu ğŸ˜­,Twitter for iPhone,817.0,9.0,sherylsheinafia ganti lagi ah malu,"['sherylsheinafia', 'ganti', 'lagi', 'ah', 'malu']","['sherylsheinafia', 'ganti', 'lagi', 'ah', 'malu']",sherylsheinafia ganti lagi ah malu
125,125.0,Yunaning ning nang ning eu~,Twitter for iPhone,9163.0,455.0,yunaning ning nang ning eu,"['yunaning', 'ning', 'nang', 'ning', 'eu']","['yunaning', 'ning', 'nang', 'ning', 'eu']",yunaning ning nang ning eu
126,126.0,@cinnamonowreo Kan jadi penasaran ya apa yang dihapus ğŸ˜‚,Twitter for iPhone,4741.0,31.0,cinnamonowreo kan jadi penasaran ya apa yang dihapus,"['cinnamonowreo', 'kan', 'jadi', 'penasaran', 'ya', 'apa', 'yang', 'dihapus']","['cinnamonowreo', 'kan', 'jadi', 'penasaran', 'ya', 'apa', 'yang', 'dihapus']",cinnamonowreo kan jadi penasaran ya apa yang dihapus
127,127.0,Sehari aja soalnya lucu ğŸ¥¹ https://t.co/4p6fL2WfSm,Twitter for iPhone,370.0,6.0,sehari aja soalnya lucu copflwfsm,"['sehari', 'aja', 'soalnya', 'lucu', 'copflwfsm']","['sehari', 'aja', 'soalnya', 'lucu', 'copflwfsm']",sehari aja soalnya lucu copflwfsm
128,128.0,Lucu ğŸ˜­ https://t.co/gyUlV68pK4,Twitter for iPhone,130068.0,15137.0,lucu cogyulvpk,"['lucu', 'cogyulvpk']","['lucu', 'cogyulvpk']",lucu cogyulvpk
129,129.0,@SuboFamily See youuuuuu ğŸ’•,Twitter for iPhone,0.0,0.0,subofamily see youuuuuu,"['subofamily', 'see', 'youuuuuu']","['subofamily', 'see', 'youuuuuu']",subofamily see youuuuuu
130,130.0,Hari terakhir di Bali untuk project yang bikin hatiku sangat penuh. Senang bisa belajar banyak sekali hal disini ğŸ’—ğŸ’—ğŸ’—,Twitter for iPhone,233.0,3.0,hari terakhir di bali untuk project yang bikin hatiku sangat penuh senang bisa belajar banyak sekali hal disini,"['hari', 'terakhir', 'di', 'bali', 'untuk', 'project', 'yang', 'bikin', 'hatiku', 'sangat', 'penuh', 'senang', 'bisa', 'belajar', 'banyak', 'sekali', 'hal', 'disini']","['hari', 'terakhir', 'di', 'bali', 'untuk', 'project', 'yang', 'bikin', 'hatiku', 'sangat', 'penuh', 'senang', 'bisa', 'belajar', 'banyak', 'sekali', 'hal', 'disini']",hari terakhir di bali untuk project yang bikin hatiku sangat penuh senang bisa belajar banyak sekali hal disini
131,131.0,"RT @MindTendencies2: What's meant for you will always feel natural, calm and clear, not forced, chaotic and confused.",Twitter for iPhone,0.0,12383.0,mindtendencies what meant for you will always feel natural calm and clear not forced chaotic and confused,"['mindtendencies', 'what', 'meant', 'for', 'you', 'will', 'always', 'feel', 'natural', 'calm', 'and', 'clear', 'not', 'forced', 'chaotic', 'and', 'confused']","['mindtendencies', 'what', 'meant', 'for', 'you', 'will', 'always', 'feel', 'natural', 'calm', 'and', 'clear', 'not', 'forced', 'chaotic', 'and', 'confused']",mindtendencies what meant for you will always feel natural calm and clear not forced chaotic and confused
132,132.0,@aylopuby Ya Allah ğŸ™ƒ,Twitter for iPhone,8.0,0.0,aylopuby ya allah,"['aylopuby', 'ya', 'allah']","['aylopuby', 'ya', 'allah']",aylopuby ya allah
133,133.0,@aylopuby gimana lagi typing jamet ğŸ¥²,Twitter for iPhone,43.0,0.0,aylopuby gimana lagi typing jamet,"['aylopuby', 'gimana', 'lagi', 'typing', 'jamet']","['aylopuby', 'gimana', 'lagi', 'typing', 'jamet']",aylopuby gimana lagi typing jamet
134,134.0,"Jadi, typing ganteng tuh yang kayak gimana sih?",Twitter for iPhone,2517.0,194.0,jadi typing ganteng tuh yang kayak gimana sih,"['jadi', 'typing', 'ganteng', 'tuh', 'yang', 'kayak', 'gimana', 'sih']","['jadi', 'typing', 'ganteng', 'tuh', 'yang', 'kayak', 'gimana', 'sih']",jadi typing ganteng tuh yang kayak gimana sih
135,135.0,@pakai_c_ Lalu belajar lebih kuat lagi agar tidak mudah dipatahkan,Twitter for iPhone,290.0,31.0,pakai_c_ lalu belajar lebih kuat lagi agar tidak mudah dipatahkan,"['pakai_c_', 'lalu', 'belajar', 'lebih', 'kuat', 'lagi', 'agar', 'tidak', 'mudah', 'dipatahkan']","['pakai_c_', 'lalu', 'belajar', 'lebih', 'kuat', 'lagi', 'agar', 'tidak', 'mudah', 'dipatahkan']",pakai_c_ lalu belajar lebih kuat lagi agar tidak mudah dipatahkan
136,136.0,Berprasangka baik pada takdir yang sudah ditentukan itu perlu.,Twitter for iPhone,51702.0,17219.0,berprasangka baik pada takdir yang sudah ditentukan itu perlu,"['berprasangka', 'baik', 'pada', 'takdir', 'yang', 'sudah', 'ditentukan', 'itu', 'perlu']","['berprasangka', 'baik', 'pada', 'takdir', 'yang', 'sudah', 'ditentukan', 'itu', 'perlu']",berprasangka baik pada takdir yang sudah ditentukan itu perlu
137,137.0,Bahagia selalu kamu terbarkan. Berbagi rasa sedihnya juga boleh ya? Berat kalau dipendam sendiri â˜ºï¸,Twitter for iPhone,6817.0,1182.0,bahagia selalu kamu terbarkan berbagi rasa sedihnya juga boleh ya berat kalau dipendam sendiri,"['bahagia', 'selalu', 'kamu', 'terbarkan', 'berbagi', 'rasa', 'sedihnya', 'juga', 'boleh', 'ya', 'berat', 'kalau', 'dipendam', 'sendiri']","['bahagia', 'selalu', 'kamu', 'terbarkan', 'berbagi', 'rasa', 'sedihnya', 'juga', 'boleh', 'ya', 'berat', 'kalau', 'dipendam', 'sendiri']",bahagia selalu kamu terbarkan berbagi rasa sedihnya juga boleh ya berat kalau dipendam sendiri
138,138.0,Akhir akhir ini banyak sekali hal yang sederhana yang bikin haru. Bahagia tapi haru ğŸ¥¹,Twitter for iPhone,7972.0,1503.0,akhir akhir ini banyak sekali hal yang sederhana yang bikin haru bahagia tapi haru,"['akhir', 'akhir', 'ini', 'banyak', 'sekali', 'hal', 'yang', 'sederhana', 'yang', 'bikin', 'haru', 'bahagia', 'tapi', 'haru']","['akhir', 'akhir', 'ini', 'banyak', 'sekali', 'hal', 'yang', 'sederhana', 'yang', 'bikin', 'haru', 'bahagia', 'tapi', 'haru']",akhir akhir ini banyak sekali hal yang sederhana yang bikin haru bahagia tapi haru
139,139.0,@akusayangiam Belum ngantuk,Twitter for iPhone,6.0,1.0,akusayangiam belum ngantuk,"['akusayangiam', 'belum', 'ngantuk']","['akusayangiam', 'belum', 'ngantuk']",akusayangiam belum ngantuk
140,140.0,"Woo young woo dibaca dari depan atau belakang tetap woo young woo. Tamat, katak, malam â€¦â€¦ apa lagi ya yang dibalikâ€¦ https://t.co/mXYKIAO0ci",Twitter for iPhone,366.0,42.0,woo young woo dibaca dari depan atau belakang tetap woo young woo tamat katak malam apa lagi ya yang dibalik co,"['woo', 'young', 'woo', 'dibaca', 'dari', 'depan', 'atau', 'belakang', 'tetap', 'woo', 'young', 'woo', 'tamat', 'katak', 'malam', 'apa', 'lagi', 'ya', 'yang', 'dibalik', 'co']","['woo', 'young', 'woo', 'dibaca', 'dari', 'depan', 'atau', 'belakang', 'tetap', 'woo', 'young', 'woo', 'tamat', 'katak', 'malam', 'apa', 'lagi', 'ya', 'yang', 'dibalik', 'co']",woo young woo dibaca dari depan atau belakang tetap woo young woo tamat katak malam apa lagi ya yang dibalik co
141,141.0,@uluhiyxx Kiyowo overload ğŸ˜­ğŸ˜­ğŸ˜­,Twitter for iPhone,2.0,0.0,uluhiy kiyowo overload,"['uluhiy', 'kiyowo', 'overload']","['uluhiy', 'kiyowo', 'overload']",uluhiy kiyowo overload
142,142.0,Baru beberapa episode tapi langsung dibikin sayang sama woo young woo,Twitter for iPhone,102.0,8.0,baru beberapa episode tapi langsung dibikin sayang sama woo young woo,"['baru', 'beberapa', 'episode', 'tapi', 'langsung', 'dibikin', 'sayang', 'sama', 'woo', 'young', 'woo']","['baru', 'beberapa', 'episode', 'tapi', 'langsung', 'dibikin', 'sayang', 'sama', 'woo', 'young', 'woo']",baru beberapa episode tapi langsung dibikin sayang sama woo young woo
143,143.0,Lagi nonton Extraordinary Attorney Woo. Kenapa gemas sekali ğŸ¥¹ğŸ¥¹ğŸ¥¹,Twitter for iPhone,340.0,46.0,lagi nonton attorney woo kenapa gemas sekali,"['lagi', 'nonton', 'attorney', 'woo', 'kenapa', 'gemas', 'sekali']","['lagi', 'nonton', 'attorney', 'woo', 'kenapa', 'gemas', 'sekali']",lagi nonton attorney woo kenapa gemas sekali
144,144.0,"Kalau udah ga sayang bilang, jangan tiba-tiba hilang.",Twitter for iPhone,27916.0,4556.0,kalau udah ga sayang bilang jangan tiba tiba hilang,"['kalau', 'udah', 'ga', 'sayang', 'bilang', 'jangan', 'tiba', 'tiba', 'hilang']","['kalau', 'udah', 'ga', 'sayang', 'bilang', 'jangan', 'tiba', 'tiba', 'hilang']",kalau udah ga sayang bilang jangan tiba tiba hilang
145,145.0,Avoiding vecna with dunia tipu tipu . . . https://t.co/p525cB4jgy,Twitter Media Studio,342.0,27.0,avoiding vecna with dunia tipu tipu copcbjgy,"['avoiding', 'vecna', 'with', 'dunia', 'tipu', 'tipu', 'copcbjgy']","['avoiding', 'vecna', 'with', 'dunia', 'tipu', 'tipu', 'copcbjgy']",avoiding vecna with dunia tipu tipu copcbjgy
146,146.0,Cukupkan harimu jika sudah terasa berat. Kasih napas.,Twitter for iPhone,16497.0,3998.0,cukupkan harimu jika sudah terasa berat kasih napas,"['cukupkan', 'harimu', 'jika', 'sudah', 'terasa', 'berat', 'kasih', 'napas']","['cukupkan', 'harimu', 'jika', 'sudah', 'terasa', 'berat', 'kasih', 'napas']",cukupkan harimu jika sudah terasa berat kasih napas
147,147.0,@ryanpermana7_ suara hujan atau suara air gitu aku juga sukaaa. bikin tenang ğŸ˜‡,Twitter for iPhone,15.0,1.0,ryanpermana_ suara hujan atau suara air gitu aku juga sukaaa bikin tenang,"['ryanpermana_', 'suara', 'hujan', 'atau', 'suara', 'air', 'gitu', 'aku', 'juga', 'sukaaa', 'bikin', 'tenang']","['ryanpermana_', 'suara', 'hujan', 'atau', 'suara', 'air', 'gitu', 'aku', 'juga', 'sukaaa', 'bikin', 'tenang']",ryanpermana_ suara hujan atau suara air gitu aku juga sukaaa bikin tenang
148,148.0,@aprvdithh belum ada rencana tapi yaaa ga tau deh gimana nanti ğŸ™ƒ,Twitter for iPhone,6.0,0.0,aprvdithh belum ada rencana tapi yaaa ga tau deh gimana nanti,"['aprvdithh', 'belum', 'ada', 'rencana', 'tapi', 'yaaa', 'ga', 'tau', 'deh', 'gimana', 'nanti']","['aprvdithh', 'belum', 'ada', 'rencana', 'tapi', 'yaaa', 'ga', 'tau', 'deh', 'gimana', 'nanti']",aprvdithh belum ada rencana tapi yaaa ga tau deh gimana nanti
149,149.0,@inimasihata dia emang cubanget vlognya ğŸ˜‚,Twitter for iPhone,5.0,0.0,inimasihata dia emang cubanget vlognya,"['inimasihata', 'dia', 'emang', 'cubanget', 'vlognya']","['inimasihata', 'dia', 'emang', 'cubanget', 'vlognya']",inimasihata dia emang cubanget vlognya
150,150.0,"Kamu suka nonton vlog ga? Kalo suka, vlognya siapa yang sering kamu tonton?",Twitter for iPhone,481.0,11.0,kamu suka nonton vlog ga kalo suka vlognya siapa yang sering kamu tonton,"['kamu', 'suka', 'nonton', 'vlog', 'ga', 'kalo', 'suka', 'vlognya', 'siapa', 'yang', 'sering', 'kamu', 'tonton']","['kamu', 'suka', 'nonton', 'vlog', 'ga', 'kalo', 'suka', 'vlognya', 'siapa', 'yang', 'sering', 'kamu', 'tonton']",kamu suka nonton vlog ga kalo suka vlognya siapa yang sering kamu tonton
151,151.0,Ngobrol sama diri sendiri aja kadang bingung. Aku maunya apa?,Twitter for iPhone,44873.0,13080.0,ngobrol sama diri sendiri aja kadang bingung aku maunya apa,"['ngobrol', 'sama', 'diri', 'sendiri', 'aja', 'kadang', 'bingung', 'aku', 'maunya', 'apa']","['ngobrol', 'sama', 'diri', 'sendiri', 'aja', 'kadang', 'bingung', 'aku', 'maunya', 'apa']",ngobrol sama diri sendiri aja kadang bingung aku maunya apa
152,152.0,"@athalianara Iya, pelan pelan aja ğŸ˜Š",Twitter for iPhone,7.0,0.0,athalianara iya pelan pelan aja,"['athalianara', 'iya', 'pelan', 'pelan', 'aja']","['athalianara', 'iya', 'pelan', 'pelan', 'aja']",athalianara iya pelan pelan aja
153,153.0,Pelan-pelan coba memaafkan diri ini yang tidak sempurna.,Twitter for iPhone,37334.0,12413.0,pelan pelan coba memaafkan diri ini yang tidak sempurna,"['pelan', 'pelan', 'coba', 'memaafkan', 'diri', 'ini', 'yang', 'tidak', 'sempurna']","['pelan', 'pelan', 'coba', 'memaafkan', 'diri', 'ini', 'yang', 'tidak', 'sempurna']",pelan pelan coba memaafkan diri ini yang tidak sempurna
154,154.0,Percaya kalo sesuatu yang baik berakhir karena yang lebih baik nanti akan datang.,Twitter for iPhone,31158.0,10043.0,percaya kalo sesuatu yang baik berakhir karena yang lebih baik nanti akan datang,"['percaya', 'kalo', 'sesuatu', 'yang', 'baik', 'berakhir', 'karena', 'yang', 'lebih', 'baik', 'nanti', 'akan', 'datang']","['percaya', 'kalo', 'sesuatu', 'yang', 'baik', 'berakhir', 'karena', 'yang', 'lebih', 'baik', 'nanti', 'akan', 'datang']",percaya kalo sesuatu yang baik berakhir karena yang lebih baik nanti akan datang
155,155.0,Kenapa harus segera?,Twitter for iPhone,1057.0,130.0,kenapa harus segera,"['kenapa', 'harus', 'segera']","['kenapa', 'harus', 'segera']",kenapa harus segera
156,156.0,"RT @Muruluk: Hatur nuhun teh @yurayunita  parantos ngawihkeun â€œBandungâ€. Soca mah 75 lengkah ka panggung, hate kagagas langkung ti 30 taunâ€¦",Twitter for iPhone,0.0,6.0,muruluk hatur nuhun teh yurayunita parantos ngawihkeun bandung soca mah   lengkah ka panggung hate kagagas langkung ti   taun,"['muruluk', 'hatur', 'nuhun', 'teh', 'yurayunita', 'parantos', 'ngawihkeun', 'bandung', 'soca', 'mah', 'lengkah', 'ka', 'panggung', 'hate', 'kagagas', 'langkung', 'ti', 'taun']","['muruluk', 'hatur', 'nuhun', 'teh', 'yurayunita', 'parantos', 'ngawihkeun', 'bandung', 'soca', 'mah', 'lengkah', 'ka', 'panggung', 'hate', 'kagagas', 'langkung', 'ti', 'taun']",muruluk hatur nuhun teh yurayunita parantos ngawihkeun bandung soca mah lengkah ka panggung hate kagagas langkung ti taun
157,157.0,"RT @ditaadilia: btw, cuman teteh @yurayunita yang bisa bikin berdiri semua penonton di Swaraya tanpa ada yg protes gogorowokan dari panitiaâ€¦",Twitter for iPhone,0.0,2.0,ditaadilia btw cuman teteh yurayunita yang bisa bikin berdiri semua penonton di swaraya tanpa ada yg protes gogorowokan dari panitia,"['ditaadilia', 'btw', 'cuman', 'teteh', 'yurayunita', 'yang', 'bisa', 'bikin', 'berdiri', 'semua', 'penonton', 'di', 'swaraya', 'tanpa', 'ada', 'yg', 'protes', 'gogorowokan', 'dari', 'panitia']","['ditaadilia', 'btw', 'cuman', 'teteh', 'yurayunita', 'yang', 'bisa', 'bikin', 'berdiri', 'semua', 'penonton', 'di', 'swaraya', 'tanpa', 'ada', 'yg', 'protes', 'gogorowokan', 'dari', 'panitia']",ditaadilia btw cuman teteh yurayunita yang bisa bikin berdiri semua penonton di swaraya tanpa ada yg protes gogorowokan dari panitia
158,158.0,"Terima kasih, Bogor. Sampai jumpa lagi ğŸ¤ https://t.co/6iOLQBeo7i",Twitter for iPhone,764.0,28.0,terima kasih bogor sampai jumpa lagi coiolqbeoi,"['terima', 'kasih', 'bogor', 'sampai', 'jumpa', 'lagi', 'coiolqbeoi']","['terima', 'kasih', 'bogor', 'sampai', 'jumpa', 'lagi', 'coiolqbeoi']",terima kasih bogor sampai jumpa lagi coiolqbeoi
159,159.0,Definisi gordes https://t.co/2buo3BuoXS,Twitter for iPhone,219.0,15.0,definisi gordes cobuobuo,"['definisi', 'gordes', 'cobuobuo']","['definisi', 'gordes', 'cobuobuo']",definisi gordes cobuobuo
160,160.0,Seneng banget ih aku mah kalo lagi manggung terus ada penonton yang gordes ğŸ˜‚,Twitter for iPhone,152.0,6.0,seneng banget ih aku mah kalo lagi manggung terus ada penonton yang gordes,"['seneng', 'banget', 'ih', 'aku', 'mah', 'kalo', 'lagi', 'manggung', 'terus', 'ada', 'penonton', 'yang', 'gordes']","['seneng', 'banget', 'ih', 'aku', 'mah', 'kalo', 'lagi', 'manggung', 'terus', 'ada', 'penonton', 'yang', 'gordes']",seneng banget ih aku mah kalo lagi manggung terus ada penonton yang gordes
161,161.0,RT @hey_raaaa: @yurayunita â¤ï¸ https://t.co/LuFIVm830G,Twitter for iPhone,0.0,27.0,hey_raaaa yurayunita colufivmg,"['hey_raaaa', 'yurayunita', 'colufivmg']","['hey_raaaa', 'yurayunita', 'colufivmg']",hey_raaaa yurayunita colufivmg
163,163.0,Friday Night âœ¨ https://t.co/3ZttuTsnSZ,Twitter for iPhone,1404.0,64.0,friday night cozttutsnsz,"['friday', 'night', 'cozttutsnsz']","['friday', 'night', 'cozttutsnsz']",friday night cozttutsnsz
164,164.0,"Girls, kamu lebih nyaman pake apa?",Twitter for iPhone,16.0,0.0,girls kamu lebih nyaman pake apa,"['girls', 'kamu', 'lebih', 'nyaman', 'pake', 'apa']","['girls', 'kamu', 'lebih', 'nyaman', 'pake', 'apa']",girls kamu lebih nyaman pake apa
165,165.0,"Sedikit kemungkinan dalam 365, aku si pecinta celana mau pakai gaun. Sangat mungkin bisa dihitung jari ğŸ˜‹âœ¨ğŸ¤ https://t.co/Kny3VAyls6",Twitter for iPhone,876.0,50.0,sedikit kemungkinan dalam   aku si pecinta celana mau pakai gaun sangat mungkin bisa dihitung jari coknyvayls,"['sedikit', 'kemungkinan', 'dalam', 'aku', 'si', 'pecinta', 'celana', 'mau', 'pakai', 'gaun', 'sangat', 'mungkin', 'bisa', 'dihitung', 'jari', 'coknyvayls']","['sedikit', 'kemungkinan', 'dalam', 'aku', 'si', 'pecinta', 'celana', 'mau', 'pakai', 'gaun', 'sangat', 'mungkin', 'bisa', 'dihitung', 'jari', 'coknyvayls']",sedikit kemungkinan dalam aku si pecinta celana mau pakai gaun sangat mungkin bisa dihitung jari coknyvayls
166,166.0,@nasyalalalalaa Sendiri ku tempuh,Twitter for iPhone,12.0,0.0,nasyalalalalaa sendiri ku tempuh,"['nasyalalalalaa', 'sendiri', 'ku', 'tempuh']","['nasyalalalalaa', 'sendiri', 'ku', 'tempuh']",nasyalalalalaa sendiri ku tempuh
167,167.0,Kita pernah saling menyayangi. Tapi siapa sangka sekarang kita sejauh ini.,Twitter for iPhone,10502.0,2686.0,kita pernah saling menyayangi tapi siapa sangka sekarang kita sejauh ini,"['kita', 'pernah', 'saling', 'menyayangi', 'tapi', 'siapa', 'sangka', 'sekarang', 'kita', 'sejauh', 'ini']","['kita', 'pernah', 'saling', 'menyayangi', 'tapi', 'siapa', 'sangka', 'sekarang', 'kita', 'sejauh', 'ini']",kita pernah saling menyayangi tapi siapa sangka sekarang kita sejauh ini
169,169.0,Emang selalu seru banget sih kalo ngobrol sama Vincent dan Desta ğŸ¤,Twitter for iPhone,95.0,3.0,emang selalu seru banget sih kalo ngobrol sama vincent dan desta,"['emang', 'selalu', 'seru', 'banget', 'sih', 'kalo', 'ngobrol', 'sama', 'vincent', 'dan', 'desta']","['emang', 'selalu', 'seru', 'banget', 'sih', 'kalo', 'ngobrol', 'sama', 'vincent', 'dan', 'desta']",emang selalu seru banget sih kalo ngobrol sama vincent dan desta
170,170.0,"Ini walaupun becanda tapi ada banget degdegannya, mau nangis ğŸ˜­ https://t.co/Yme5uazP0S",Twitter Media Studio,628.0,52.0,ini walaupun becanda tapi ada banget degdegannya mau nangis coymeuazps,"['ini', 'walaupun', 'becanda', 'tapi', 'ada', 'banget', 'degdegannya', 'mau', 'nangis', 'coymeuazps']","['ini', 'walaupun', 'becanda', 'tapi', 'ada', 'banget', 'degdegannya', 'mau', 'nangis', 'coymeuazps']",ini walaupun becanda tapi ada banget degdegannya mau nangis coymeuazps
171,171.0,"Selalu rindu. Selama rasa itu ada, doaku akan terkirim untukmu.",Twitter for iPhone,5571.0,1519.0,selalu rindu selama rasa itu ada doaku akan terkirim untukmu,"['selalu', 'rindu', 'selama', 'rasa', 'itu', 'ada', 'doaku', 'akan', 'terkirim', 'untukmu']","['selalu', 'rindu', 'selama', 'rasa', 'itu', 'ada', 'doaku', 'akan', 'terkirim', 'untukmu']",selalu rindu selama rasa itu ada doaku akan terkirim untukmu
172,172.0,"RT @TwitterID: Nah, yang satu ini khusus buat fans @yurayunita nih ğŸ‘€

â€œTutur ___ tak akan salah
Silakan pergi, ku tak ___ kalahâ€

#TweetYouâ€¦",Twitter for iPhone,0.0,56.0,twitterid nah yang satu ini khusus buat fans yurayunita nih tutur ___ tak akan salah silakan pergi ku tak ___ kalah,"['twitterid', 'nah', 'yang', 'satu', 'ini', 'khusus', 'buat', 'fans', 'yurayunita', 'nih', 'tutur', '___', 'tak', 'akan', 'salah', 'silakan', 'pergi', 'ku', 'tak', '___', 'kalah']","['twitterid', 'nah', 'yang', 'satu', 'ini', 'khusus', 'buat', 'fans', 'yurayunita', 'nih', 'tutur', '___', 'tak', 'akan', 'salah', 'silakan', 'pergi', 'ku', 'tak', '___', 'kalah']",twitterid nah yang satu ini khusus buat fans yurayunita nih tutur ___ tak akan salah silakan pergi ku tak ___ kalah
173,173.0,"RT @andikirfannn: Proses memaafkan itu emng bikin lega."" 
@yurayunita @vindestwitt https://t.co/EbWqHS4jCk",Twitter for iPhone,0.0,10.0,andikirfannn proses memaafkan itu emng bikin lega yurayunita vindestwitt coebwqhsjck,"['andikirfannn', 'proses', 'memaafkan', 'itu', 'emng', 'bikin', 'lega', 'yurayunita', 'vindestwitt', 'coebwqhsjck']","['andikirfannn', 'proses', 'memaafkan', 'itu', 'emng', 'bikin', 'lega', 'yurayunita', 'vindestwitt', 'coebwqhsjck']",andikirfannn proses memaafkan itu emng bikin lega yurayunita vindestwitt coebwqhsjck
174,174.0,"RT @andtydt: Waktu teteh @yurayunita mulai nyanyi tuh masih prapris gerimis, tapi yaudah karna teh yura udah mulai nyanyi ujan2an dikit gaâ€¦",Twitter for iPhone,0.0,10.0,andtydt waktu teteh yurayunita mulai nyanyi tuh masih prapris gerimis tapi yaudah karna teh yura udah mulai nyanyi ujanan dikit ga,"['andtydt', 'waktu', 'teteh', 'yurayunita', 'mulai', 'nyanyi', 'tuh', 'masih', 'prapris', 'gerimis', 'tapi', 'yaudah', 'karna', 'teh', 'yura', 'udah', 'mulai', 'nyanyi', 'ujanan', 'dikit', 'ga']","['andtydt', 'waktu', 'teteh', 'yurayunita', 'mulai', 'nyanyi', 'tuh', 'masih', 'prapris', 'gerimis', 'tapi', 'yaudah', 'karna', 'teh', 'yura', 'udah', 'mulai', 'nyanyi', 'ujanan', 'dikit', 'ga']",andtydt waktu teteh yurayunita mulai nyanyi tuh masih prapris gerimis tapi yaudah karna teh yura udah mulai nyanyi ujanan dikit ga
175,175.0,@nindyags Samaaaa ğŸ¥º,Twitter for iPhone,21.0,0.0,nindyags samaaaa,"['nindyags', 'samaaaa']","['nindyags', 'samaaaa']",nindyags samaaaa
176,176.0,Love language kamu apa?,Twitter for iPhone,733.0,53.0,love language kamu apa,"['love', 'language', 'kamu', 'apa']","['love', 'language', 'kamu', 'apa']",love language kamu apa
177,177.0,RT @hallonic_: AKU KEMANA AJA BARU NONTON FULL ALBUM VIRTUAL CONCERT TUTUR BATINNYA YURA YUNITA ğŸ˜­ğŸ˜­ğŸ˜­ BAGUS PARAHHHHH ğŸ‘ğŸ‘ğŸ‘ğŸ‘ğŸ‘ğŸ‘ğŸ‘ğŸ˜­ğŸ˜­ğŸ˜­ğŸ§¡ğŸ§¡ğŸ§¡ğŸ§¡ğŸ§¡ğŸ§¡ https:â€¦,Twitter for iPhone,0.0,2.0,hallonic_ aku kemana aja baru nonton full album vi ual conce tutur batinnya yura yunita bagus parahhhhh https,"['hallonic_', 'aku', 'kemana', 'aja', 'baru', 'nonton', 'full', 'album', 'vi', 'ual', 'conce', 'tutur', 'batinnya', 'yura', 'yunita', 'bagus', 'parahhhhh', 'https']","['hallonic_', 'aku', 'kemana', 'aja', 'baru', 'nonton', 'full', 'album', 'vi', 'ual', 'conce', 'tutur', 'batinnya', 'yura', 'yunita', 'bagus', 'parahhhhh', 'https']",hallonic_ aku kemana aja baru nonton full album vi ual conce tutur batinnya yura yunita bagus parahhhhh https
178,178.0,@refalhady @initiaraandini https://t.co/mHk5X8KNmZ,Twitter for iPhone,102.0,12.0,refalhady initiaraandini comhk,"['refalhady', 'initiaraandini', 'comhk']","['refalhady', 'initiaraandini', 'comhk']",refalhady initiaraandini comhk
179,179.0,Full house!! ğŸ™ŒğŸ¥¹â¤ï¸ğŸ‡²ğŸ‡¨ @JavaJazzFest #javajazz2022 https://t.co/GdCUkgP5Vu,Twitter for iPhone,169.0,20.0,full house javajazzfest cogdcukgpvu,"['full', 'house', 'javajazzfest', 'cogdcukgpvu']","['full', 'house', 'javajazzfest', 'cogdcukgpvu']",full house javajazzfest cogdcukgpvu
180,180.0,"RT @andreaneysaa: big thanks to @yurayunita karena udah bikin nangis sepanjang show, akhirnya bisa ngeluarin semua emosi ini after a very sâ€¦",Twitter for iPhone,0.0,17.0,andreaneysaa big thanks to yurayunita karena udah bikin nangis sepanjang show akhirnya bisa ngeluarin semua emosi ini after very,"['andreaneysaa', 'big', 'thanks', 'to', 'yurayunita', 'karena', 'udah', 'bikin', 'nangis', 'sepanjang', 'show', 'akhirnya', 'bisa', 'ngeluarin', 'semua', 'emosi', 'ini', 'after', 'very']","['andreaneysaa', 'big', 'thanks', 'to', 'yurayunita', 'karena', 'udah', 'bikin', 'nangis', 'sepanjang', 'show', 'akhirnya', 'bisa', 'ngeluarin', 'semua', 'emosi', 'ini', 'after', 'very']",andreaneysaa big thanks to yurayunita karena udah bikin nangis sepanjang show akhirnya bisa ngeluarin semua emosi ini after very
181,181.0,"RT @JavaJazzFest: @yurayunita has joined @pjmorton at the BNI Hall. Yes, you read that right, this collaboration is too good to be true!ğŸ˜ #â€¦",Twitter for iPhone,0.0,15.0,javajazzfest yurayunita has joined pjmorton at the bni hall yes you read that right this collaboration is too good to be true,"['javajazzfest', 'yurayunita', 'has', 'joined', 'pjmorton', 'at', 'the', 'bni', 'hall', 'yes', 'you', 'read', 'that', 'right', 'this', 'collaboration', 'is', 'too', 'good', 'to', 'be', 'true']","['javajazzfest', 'yurayunita', 'has', 'joined', 'pjmorton', 'at', 'the', 'bni', 'hall', 'yes', 'you', 'read', 'that', 'right', 'this', 'collaboration', 'is', 'too', 'good', 'to', 'be', 'true']",javajazzfest yurayunita has joined pjmorton at the bni hall yes you read that right this collaboration is too good to be true
182,182.0,RT @sonofabiccc: AAAAAAAAAA YURA MUNCUL DI SHOWNYA PJ MORTON #JavaJazz2022 #BNIJavaJazz https://t.co/7SIp8CuvQ3,Twitter for iPhone,0.0,5.0,sonofabiccc aaaaaaaaaa yura muncul di shownya pj mo on cosipcuvq,"['sonofabiccc', 'aaaaaaaaaa', 'yura', 'muncul', 'di', 'shownya', 'pj', 'mo', 'on', 'cosipcuvq']","['sonofabiccc', 'aaaaaaaaaa', 'yura', 'muncul', 'di', 'shownya', 'pj', 'mo', 'on', 'cosipcuvq']",sonofabiccc aaaaaaaaaa yura muncul di shownya pj mo on cosipcuvq
183,183.0,RT @PasukanPawkemon: @yurayunita bagus bangeeett penampilannyağŸ˜­ğŸ˜­ https://t.co/rxt9xDVJIE,Twitter Web App,0.0,12.0,pasukanpawkemon yurayunita bagus bangeeett penampilannya co,"['pasukanpawkemon', 'yurayunita', 'bagus', 'bangeeett', 'penampilannya', 'co']","['pasukanpawkemon', 'yurayunita', 'bagus', 'bangeeett', 'penampilannya', 'co']",pasukanpawkemon yurayunita bagus bangeeett penampilannya co
186,186.0,"RT @yourstruelie__: Depan stage banget bisa nonton @yurayunita , sampe pulang pulang nangis karna di notice dia HAHAHAHA tapi maaf bgt suarâ€¦",Twitter for iPhone,0.0,3.0,yourstruelie__ depan stage banget bisa nonton yurayunita sampe pulang pulang nangis karna di notice dia hahahaha tapi maaf bgt suar,"['yourstruelie__', 'depan', 'stage', 'banget', 'bisa', 'nonton', 'yurayunita', 'sampe', 'pulang', 'pulang', 'nangis', 'karna', 'di', 'notice', 'dia', 'hahahaha', 'tapi', 'maaf', 'bgt', 'suar']","['yourstruelie__', 'depan', 'stage', 'banget', 'bisa', 'nonton', 'yurayunita', 'sampe', 'pulang', 'pulang', 'nangis', 'karna', 'di', 'notice', 'dia', 'hahahaha', 'tapi', 'maaf', 'bgt', 'suar']",yourstruelie__ depan stage banget bisa nonton yurayunita sampe pulang pulang nangis karna di notice dia hahahaha tapi maaf bgt suar
187,187.0,Jangan macem-macem kamu! Mau saya bawa ke meja makan? https://t.co/NUDEs78keB,Twitter for iPhone,550.0,33.0,jangan macem macem kamu mau saya bawa ke meja makan conudeskeb,"['jangan', 'macem', 'macem', 'kamu', 'mau', 'saya', 'bawa', 'ke', 'meja', 'makan', 'conudeskeb']","['jangan', 'macem', 'macem', 'kamu', 'mau', 'saya', 'bawa', 'ke', 'meja', 'makan', 'conudeskeb']",jangan macem macem kamu mau saya bawa ke meja makan conudeskeb
188,188.0,See you ğŸ¤ https://t.co/QeW0ZN6ID7,Twitter for iPhone,350.0,23.0,see you coqewznid,"['see', 'you', 'coqewznid']","['see', 'you', 'coqewznid']",see you coqewznid
189,189.0,Kenapa belum tidur?,Twitter for iPhone,306.0,24.0,kenapa belum tidur,"['kenapa', 'belum', 'tidur']","['kenapa', 'belum', 'tidur']",kenapa belum tidur
190,190.0,Ada yang mendengar untuk memahami. Ada juga yang mendengar hanya untuk menunggu kesempatannya berbicara.,Twitter for iPhone,28437.0,9168.0,ada yang mendengar untuk memahami ada juga yang mendengar hanya untuk menunggu kesempatannya berbicara,"['ada', 'yang', 'mendengar', 'untuk', 'memahami', 'ada', 'juga', 'yang', 'mendengar', 'hanya', 'untuk', 'menunggu', 'kesempatannya', 'berbicara']","['ada', 'yang', 'mendengar', 'untuk', 'memahami', 'ada', 'juga', 'yang', 'mendengar', 'hanya', 'untuk', 'menunggu', 'kesempatannya', 'berbicara']",ada yang mendengar untuk memahami ada juga yang mendengar hanya untuk menunggu kesempatannya berbicara
191,191.0,Kira kira ada berapa banyak ya orang di Indonesia yang merasa â€œkesepianâ€ ? Apakah kamu termasuk?,Twitter for iPhone,19569.0,2319.0,kira kira ada berapa banyak ya orang di indonesia yang merasa kesepian apakah kamu termasuk,"['kira', 'kira', 'ada', 'berapa', 'banyak', 'ya', 'orang', 'di', 'indonesia', 'yang', 'merasa', 'kesepian', 'apakah', 'kamu', 'termasuk']","['kira', 'kira', 'ada', 'berapa', 'banyak', 'ya', 'orang', 'di', 'indonesia', 'yang', 'merasa', 'kesepian', 'apakah', 'kamu', 'termasuk']",kira kira ada berapa banyak ya orang di indonesia yang merasa kesepian apakah kamu termasuk
192,192.0,#EidMubarak Family #zoomchallenge ğŸŒ™ğŸ¤ https://t.co/FPuyNuoLsd,Twitter for iPhone,23682.0,3565.0,family cofpuynuolsd,"['family', 'cofpuynuolsd']","['family', 'cofpuynuolsd']",family cofpuynuolsd
193,193.0,Selalu ingat kita pernah sembuh dari luka yang dulu bikin kita terpuruk. Berkali-kali kita pernah jatuh dan bangkitâ€¦ https://t.co/1Nlm6TA1jD,Twitter for iPhone,38628.0,15708.0,selalu ingat kita pernah sembuh dari luka yang dulu bikin kita terpuruk berkali kali kita pernah jatuh dan bangkit conlmtajd,"['selalu', 'ingat', 'kita', 'pernah', 'sembuh', 'dari', 'luka', 'yang', 'dulu', 'bikin', 'kita', 'terpuruk', 'berkali', 'kali', 'kita', 'pernah', 'jatuh', 'dan', 'bangkit', 'conlmtajd']","['selalu', 'ingat', 'kita', 'pernah', 'sembuh', 'dari', 'luka', 'yang', 'dulu', 'bikin', 'kita', 'terpuruk', 'berkali', 'kali', 'kita', 'pernah', 'jatuh', 'dan', 'bangkit', 'conlmtajd']",selalu ingat kita pernah sembuh dari luka yang dulu bikin kita terpuruk berkali kali kita pernah jatuh dan bangkit conlmtajd
194,194.0,Melepaskan itu sulit ya. Tapi ga bisa jadi diri sendiri saat sama dia pun lebih sulit lagi.,Twitter for iPhone,26611.0,6925.0,melepaskan itu sulit ya tapi ga bisa jadi diri sendiri saat sama dia pun lebih sulit lagi,"['melepaskan', 'itu', 'sulit', 'ya', 'tapi', 'ga', 'bisa', 'jadi', 'diri', 'sendiri', 'saat', 'sama', 'dia', 'pun', 'lebih', 'sulit', 'lagi']","['melepaskan', 'itu', 'sulit', 'ya', 'tapi', 'ga', 'bisa', 'jadi', 'diri', 'sendiri', 'saat', 'sama', 'dia', 'pun', 'lebih', 'sulit', 'lagi']",melepaskan itu sulit ya tapi ga bisa jadi diri sendiri saat sama dia pun lebih sulit lagi
195,195.0,Tuhan maha tau yang terbaik buat aku. Selalu jadi pengingat bahwa semuanya akan selalu baik-baik saja,Twitter for iPhone,20915.0,8091.0,tuhan maha tau yang terbaik buat aku selalu jadi pengingat bahwa semuanya akan selalu baik baik saja,"['tuhan', 'maha', 'tau', 'yang', 'terbaik', 'buat', 'aku', 'selalu', 'jadi', 'pengingat', 'bahwa', 'semuanya', 'akan', 'selalu', 'baik', 'baik', 'saja']","['tuhan', 'maha', 'tau', 'yang', 'terbaik', 'buat', 'aku', 'selalu', 'jadi', 'pengingat', 'bahwa', 'semuanya', 'akan', 'selalu', 'baik', 'baik', 'saja']",tuhan maha tau yang terbaik buat aku selalu jadi pengingat bahwa semuanya akan selalu baik baik saja
196,196.0,Rasa tenang mungkin belum juga kunjung datang tapi lagu-lagu yang bikin kamu tenang mungkin ada di playlist Tenangkâ€¦ https://t.co/yucp3OwRZJ,Twitter Media Studio,66.0,6.0,rasa tenang mungkin belum juga kunjung datang tapi lagu lagu yang bikin kamu tenang mungkin ada di playlist tenangk coyucpowrzj,"['rasa', 'tenang', 'mungkin', 'belum', 'juga', 'kunjung', 'datang', 'tapi', 'lagu', 'lagu', 'yang', 'bikin', 'kamu', 'tenang', 'mungkin', 'ada', 'di', 'playlist', 'tenangk', 'coyucpowrzj']","['rasa', 'tenang', 'mungkin', 'belum', 'juga', 'kunjung', 'datang', 'tapi', 'lagu', 'lagu', 'yang', 'bikin', 'kamu', 'tenang', 'mungkin', 'ada', 'di', 'playlist', 'tenangk', 'coyucpowrzj']",rasa tenang mungkin belum juga kunjung datang tapi lagu lagu yang bikin kamu tenang mungkin ada di playlist tenangk coyucpowrzj
197,197.0,"Kebenaran akan terdengar oleh telinga batinmu, terlihat oleh mata batinmu, dan terasa oleh rasa batinmu.",Twitter for iPhone,12905.0,3691.0,kebenaran akan terdengar oleh telinga batinmu terlihat oleh mata batinmu dan terasa oleh rasa batinmu,"['kebenaran', 'akan', 'terdengar', 'oleh', 'telinga', 'batinmu', 'terlihat', 'oleh', 'mata', 'batinmu', 'dan', 'terasa', 'oleh', 'rasa', 'batinmu']","['kebenaran', 'akan', 'terdengar', 'oleh', 'telinga', 'batinmu', 'terlihat', 'oleh', 'mata', 'batinmu', 'dan', 'terasa', 'oleh', 'rasa', 'batinmu']",kebenaran akan terdengar oleh telinga batinmu terlihat oleh mata batinmu dan terasa oleh rasa batinmu
198,198.0,"Menuju Bandung, ga sabar ketemu @HipHipYURA ğŸ™Œ",Twitter for iPhone,55.0,4.0,menuju bandung ga sabar ketemu hiphipyura,"['menuju', 'bandung', 'ga', 'sabar', 'ketemu', 'hiphipyura']","['menuju', 'bandung', 'ga', 'sabar', 'ketemu', 'hiphipyura']",menuju bandung ga sabar ketemu hiphipyura
